item_id,kind,name,zone,side,chance,count,levels,limited,area,map_x,map_y
728,vendor,Kendor Kabonka,Stormwind City,alliance,0.0,0,,0,1519,77.5,52.7
728,quest,Westfall Stew,Westfall,alliance,0.0,0,13,0,0,0.0,0.0
2406,world_drop,,,,0.0,555,5-22,0,0,0.0,0.0
2407,world_drop,,,,0.0,538,5-25,0,0,0.0,0.0
2408,world_drop,,,,0.0,542,5-25,0,0,0.0,0.0
2409,world_drop,,,,0.0,547,9-27,0,0,0.0,0.0
2553,world_drop,,,,0.0,527,5-22,0,0,0.0,0.0
2555,world_drop,,,,0.0,551,5-25,0,0,0.0,0.0
2598,world_drop,,,,0.0,424,5-45,0,0,0.0,0.0
2601,world_drop,,,,0.0,444,15-31,0,0,0.0,0.0
2697,vendor,Kendor Kabonka,Stormwind City,alliance,0.0,0,,0,1519,77.5,52.7
2697,quest,Goretusk Liver Pie,Westfall,alliance,0.0,0,12,0,0,0.0,0.0
2698,vendor,Kendor Kabonka,Stormwind City,alliance,0.0,0,,0,1519,77.5,52.7
2698,world_drop,,,,0.0,110,9-26,0,0,0.0,0.0
2699,vendor,Kendor Kabonka,Stormwind City,alliance,0.0,0,,0,1519,77.5,52.7
2699,quest,Redridge Goulash,Redridge Mountains,alliance,0.0,0,18,0,0,0.0,0.0
2700,vendor,Kendor Kabonka,Stormwind City,alliance,0.0,0,,0,1519,77.5,52.7
2700,world_drop,,,,0.0,91,10-26,0,0,0.0,0.0
2701,vendor,Kendor Kabonka,Stormwind City,alliance,0.0,0,,0,1519,77.5,52.7
2701,quest,Seasoned Wolf Kabobs,Duskwood,alliance,0.0,0,25,0,0,0.0,0.0
2881,world_drop,,,,0.0,553,9-27,0,0,0.0,0.0
2882,world_drop,,,,0.0,441,15-31,0,0,0.0,0.0
2883,world_drop,,,,0.0,443,15-58,0,0,0.0,0.0
2889,vendor,Kendor Kabonka,Stormwind City,alliance,0.0,0,,0,1519,77.5,52.7
2889,quest,Beer Basted Boar Ribs,Dun Morogh,alliance,0.0,0,7,0,0,0.0,0.0
3393,world_drop,,,,0.0,391,15-31,0,0,0.0,0.0
3394,world_drop,,,,0.0,401,14-32,0,0,0.0,0.0
3395,world_drop,,,,0.0,497,40-57,0,0,0.0,0.0
3396,world_drop,,,,0.0,390,19-37,0,0,0.0,0.0
3608,world_drop,,,,0.0,397,19-36,0,0,0.0,0.0
3609,quest,Supplying the Front,Ironforge,alliance,0.0,0,12,0,0,0.0,0.0
3609,world_drop,,,,0.0,419,5-45,0,0,0.0,0.0
3610,world_drop,,,,0.0,540,5-25,0,0,0.0,0.0
3611,world_drop,,,,0.0,402,19-43,0,0,0.0,0.0
3612,world_drop,,,,0.0,404,19-36,0,0,0.0,0.0
3678,vendor,Kendor Kabonka,Stormwind City,alliance,0.0,0,,0,1519,77.5,52.7
3678,quest,Crocolisk Hunting,Loch Modan,alliance,0.0,0,15,0,0,0.0,0.0
3679,vendor,Kendor Kabonka,Stormwind City,alliance,0.0,0,,0,1519,77.5,52.7
3679,quest,Thelsamar Blood Sausages,Loch Modan,alliance,0.0,0,11,0,0,0.0,0.0
3680,vendor,Kendor Kabonka,Stormwind City,alliance,0.0,0,,0,1519,77.5,52.7
3680,quest,Selling Fish,Redridge Mountains,alliance,0.0,0,21,0,0,0.0,0.0
3681,vendor,Kendor Kabonka,Stormwind City,alliance,0.0,0,,0,1519,77.5,52.7
3681,quest,Apprentice's Duties,Wetlands,alliance,0.0,0,26,0,0,0.0,0.0
3682,vendor,Keena,Arathi Highlands,horde,0.0,0,,0,45,74.1,32.7
3682,vendor,Kendor Kabonka,Stormwind City,alliance,0.0,0,,0,1519,77.5,52.7
3682,vendor,Nerrist,Stranglethorn Vale,horde,0.0,0,,0,33,32.7,29.2
3682,quest,Ormer's Revenge,Wetlands,alliance,0.0,0,29,0,0,0.0,0.0
3683,vendor,Kendor Kabonka,Stormwind City,alliance,0.0,0,,0,1519,77.5,52.7
3683,quest,Dusky Crab Cakes,Duskwood,alliance,0.0,0,20,0,0,0.0,0.0
3734,vendor,Super-Seller 680,Desolace,,0.0,0,,1,405,40.5,79.3
3734,vendor,Ulthaan,Ashenvale,alliance,0.0,0,,0,331,50.0,66.6
3734,quest,The Rescue,Hillsbrad Foothills,horde,0.0,0,22,0,0,0.0,0.0
3735,vendor,Vendor-Tron 1000,Desolace,,0.0,0,,1,405,60.3,38.2
3735,vendor,Zargh,The Barrens,horde,0.0,0,,0,17,52.6,29.8
3735,quest,Elixir of Pain,Alterac Mountains,horde,0.0,0,24,0,0,0.0,0.0
3736,quest,Costly Menace,Hillsbrad Foothills,alliance,0.0,0,34,0,0,0.0,0.0
3737,quest,Soothing Turtle Bisque,Hillsbrad Foothills,alliance,0.0,0,31,0,0,0.0,0.0
3737,quest,Soothing Turtle Bisque,Alterac Mountains,horde,0.0,0,31,0,0,0.0,0.0
3830,world_drop,,,,0.0,325,19-41,0,0,0.0,0.0
3831,world_drop,,,,0.0,325,30-47,0,0,0.0,0.0
3832,world_drop,,,,0.0,391,12-47,0,0,0.0,0.0
3866,world_drop,,,,0.0,370,25-43,0,0,0.0,0.0
3867,world_drop,,,,0.0,361,19-59,0,0,0.0,0.0
3868,world_drop,,,,0.0,379,30-58,0,0,0.0,0.0
3869,world_drop,,,,0.0,398,30-50,0,0,0.0,0.0
3870,world_drop,,,,0.0,372,19-41,0,0,0.0,0.0
3871,world_drop,,,,0.0,118,25-41,0,0,0.0,0.0
3872,world_drop,,,,0.0,398,19-41,0,0,0.0,0.0
3873,world_drop,,,,0.0,381,19-47,0,0,0.0,0.0
3874,world_drop,,,,0.0,397,19-47,0,0,0.0,0.0
3875,world_drop,,,,0.0,31,30-46,0,0,0.0,0.0
4213,drop,Dreadlord,Blasted Lands,,2.17,0,,0,0,0.0,0.0
4213,drop,Doomguard Commander,Blasted Lands,,1.73,0,,0,0,0.0,0.0
4292,world_drop,,,,0.0,545,10-29,0,0,0.0,0.0
4293,world_drop,,,,0.0,541,9-27,0,0,0.0,0.0
4294,world_drop,,,,0.0,448,15-32,0,0,0.0,0.0
4296,world_drop,,,,0.0,407,19-58,0,0,0.0,0.0
4297,world_drop,,,,0.0,391,19-36,0,0,0.0,0.0
4298,world_drop,,,,0.0,121,25-41,0,0,0.0,0.0
4299,world_drop,,,,0.0,381,19-41,0,0,0.0,0.0
4300,world_drop,,,,0.0,381,30-47,0,0,0.0,0.0
4301,world_drop,,,,0.0,29,30-46,0,0,0.0,0.0
4345,world_drop,,,,0.0,558,9-27,0,0,0.0,0.0
4346,world_drop,,,,0.0,555,10-31,0,0,0.0,0.0
4347,world_drop,,,,0.0,440,15-31,0,0,0.0,0.0
4348,world_drop,,,,0.0,460,14-31,0,0,0.0,0.0
4349,world_drop,,,,0.0,445,14-31,0,0,0.0,0.0
4350,world_drop,,,,0.0,403,19-59,0,0,0.0,0.0
4351,world_drop,,,,0.0,109,25-40,0,0,0.0,0.0
4352,world_drop,,,,0.0,381,25-60,0,0,0.0,0.0
4353,world_drop,,,,0.0,390,19-47,0,0,0.0,0.0
4354,world_drop,,,,0.0,45,31-45,0,0,0.0,0.0
4355,vendor,Ghok'kah,Dustwallow Marsh,horde,0.0,0,,1,15,35.1,30.8
4355,vendor,Micha Yance,Hillsbrad Foothills,alliance,0.0,0,,1,267,48.9,55.0
4356,world_drop,,,,0.0,25,33-45,0,0,0.0,0.0
4408,world_drop,,,,0.0,543,5-25,0,0,0.0,0.0
4409,world_drop,,,,0.0,551,10-29,0,0,0.0,0.0
4410,world_drop,,,,0.0,462,15-31,0,0,0.0,0.0
4411,drop,Mekgineer Thermaplugg,Gnomeregan,,3.2,0,,0,0,0.0,0.0
4412,world_drop,,,,0.0,436,19-37,0,0,0.0,0.0
4413,drop,Mekgineer Thermaplugg,Gnomeregan,,2.0,0,,0,0,0.0,0.0
4414,world_drop,,,,0.0,390,25-59,0,0,0.0,0.0
4415,world_drop,,,,0.0,41,30-47,0,0,0.0,0.0
4416,world_drop,,,,0.0,392,19-47,0,0,0.0,0.0
4417,world_drop,,,,0.0,409,30-58,0,0,0.0,0.0
4597,quest,Wild Hearts,Tirisfal Glades,horde,0.0,0,11,0,0,0.0,0.0
4609,vendor,Narj Deepslice,Arathi Highlands,alliance,0.0,0,,0,45,45.5,47.6
4609,vendor,Super-Seller 680,Desolace,,0.0,0,,1,405,40.5,79.3
4609,quest,Barbecued Buzzard Wings,Badlands,,0.0,0,40,0,0,0.0,0.0
4624,quest,Liquid Stone,Badlands,,0.0,0,37,0,0,0.0,0.0
5083,quest,Kodo Hide Bag,Thunder Bluff,horde,0.0,0,10,0,0,0.0,0.0
5131,quest,Stonesplinter Trogg Disguise,Loch Modan,,0.0,0,12,0,0,0.0,0.0
5482,quest,Recipe of the Kaldorei,Teldrassil,alliance,0.0,0,7,0,0,0.0,0.0
5483,vendor,Grimtak,Durotar,horde,0.0,0,,0,14,51.1,42.6
5484,vendor,Wunna Darkmane,Mulgore,horde,0.0,0,,0,215,45.6,61.7
5485,vendor,Laird,Darkshore,alliance,0.0,0,,0,148,36.8,44.3
5486,vendor,Tari'qa,The Barrens,horde,0.0,0,,0,17,51.7,30.0
5486,quest,Easy Strider Living,Darkshore,alliance,0.0,0,12,0,0,0.0,0.0
5487,quest,Dig Rat Stew,The Barrens,horde,0.0,0,23,0,0,0.0,0.0
5488,vendor,Tari'qa,The Barrens,horde,0.0,0,,0,17,51.7,30.0
5489,vendor,Ulthaan,Ashenvale,alliance,0.0,0,,0,331,50.0,66.6
5489,vendor,Vendor-Tron 1000,Desolace,,0.0,0,,1,405,60.3,38.2
5528,vendor,Heldan Galesong,Darkshore,alliance,0.0,0,,0,148,37.0,56.4
5528,vendor,Kriggon Talsone,Westfall,alliance,0.0,0,,0,40,36.2,90.2
5543,world_drop,,,,0.0,424,19-36,0,0,0.0,0.0
5578,world_drop,,,,0.0,463,15-31,0,0,0.0,0.0
5640,vendor,Defias Profiteer,Westfall,,0.0,0,,1,40,43.5,66.8
5640,vendor,Hagrus,Orgrimmar,horde,0.0,0,,1,1637,46.0,45.7
5640,vendor,Ranik,The Barrens,,0.0,0,,1,17,61.9,38.7
5640,vendor,Xandar Goodbeard,Loch Modan,alliance,0.0,0,,1,38,82.5,63.4
5642,vendor,Kor'geld,Orgrimmar,horde,0.0,0,,1,1637,56.1,34.1
5642,vendor,Soolie Berryfizz,Ironforge,alliance,0.0,0,,1,1537,66.2,54.5
5642,vendor,Ulthir,Darnassus,alliance,0.0,0,,1,1657,55.8,24.5
5643,vendor,Hagrus,Orgrimmar,horde,0.0,0,,1,1637,46.0,45.7
5643,vendor,Ulthir,Darnassus,alliance,0.0,0,,1,1657,55.8,24.5
5771,vendor,Andrew Hilbert,Silverpine Forest,horde,0.0,0,,1,130,43.2,40.7
5771,vendor,Gina MacGregor,Westfall,alliance,0.0,0,,1,40,57.6,54.1
5771,vendor,Mahu,Thunder Bluff,horde,0.0,0,,1,1638,43.8,45.1
5771,vendor,Valdaron,Darkshore,alliance,0.0,0,,1,148,38.2,40.6
5771,drop,Defias Looter,Westfall,,1.94,0,,0,0,0.0,0.0
5771,drop,Pyrewood Tailor,Silverpine Forest,,1.1,0,,0,0,0.0,0.0
5772,vendor,Amy Davenport,Redridge Mountains,alliance,0.0,0,,1,44,24.0,47.3
5772,vendor,Borya,Orgrimmar,horde,0.0,0,,1,1637,63.1,51.4
5772,vendor,Jennabink Powerseam,Wetlands,alliance,0.0,0,,1,11,8.1,55.8
5772,vendor,Kiknikle,Mulgore,,0.0,0,,1,215,66.5,30.9
5772,vendor,Mahu,Thunder Bluff,horde,0.0,0,,1,1638,43.8,45.1
5772,vendor,Millie Gregorian,Undercity,horde,0.0,0,,1,1497,70.6,30.1
5772,vendor,Rann Flamespinner,Loch Modan,alliance,0.0,0,,1,38,35.9,45.9
5772,vendor,Valdaron,Darkshore,alliance,0.0,0,,1,148,38.2,40.6
5772,vendor,Wrahk,The Barrens,horde,0.0,0,,1,17,52.2,31.7
5772,vendor,Yonada,Mulgore,horde,0.0,0,,1,215,71.8,64.9
5772,vendor,Zixil,Hillsbrad Foothills,,0.0,0,,1,267,55.7,34.8
5772,drop,Defias Renegade Mage,Westfall,,2.56,0,,0,0,0.0,0.0
5772,drop,Hillsbrad Tailor,Hillsbrad Foothills,,1.8,0,,0,0,0.0,0.0
5773,drop,Dark Strand Voidcaller,Darkshore,,1.88,0,,0,0,0.0,0.0
5773,drop,Defias Enchanter,Duskwood,,1.78,0,,0,0,0.0,0.0
5774,world_drop,,,,0.0,377,19-59,0,0,0.0,0.0
5775,drop,Syndicate Spy,Alterac Mountains,,2.16,0,,0,0,0.0,0.0
5775,drop,Theramore Infiltrator,Dustwallow Marsh,,0.92,0,,0,0,0.0,0.0
5786,vendor,Andrew Hilbert,Silverpine Forest,horde,0.0,0,,1,130,43.2,40.7
5786,vendor,Gina MacGregor,Westfall,alliance,0.0,0,,1,40,57.6,54.1
5786,vendor,Mavralyn,Darkshore,alliance,0.0,0,,1,148,37.0,41.2
5786,drop,Theramore Marine,The Barrens,,2.06,0,,0,0,0.0,0.0
5786,drop,Defias Squallshaper,Deadmines,,1.03,0,,0,0,0.0,0.0
5787,vendor,Andrew Hilbert,Silverpine Forest,horde,0.0,0,,1,130,43.2,40.7
5787,vendor,Gina MacGregor,Westfall,alliance,0.0,0,,1,40,57.6,54.1
5787,vendor,Mavralyn,Darkshore,alliance,0.0,0,,1,148,37.0,41.2
5787,drop,Defias Pirate,Deadmines,,2.1,0,,0,0,0.0,0.0
5787,drop,Theramore Preserver,The Barrens,,1.94,0,,0,0,0.0,0.0
5788,vendor,Blixrez Goodstitch,Stranglethorn Vale,,0.0,0,,1,33,28.2,77.5
5788,vendor,Christoph Jeffcoat,Alterac Mountains,horde,0.0,0,,1,36,61.1,80.7
5788,vendor,Micha Yance,Hillsbrad Foothills,alliance,0.0,0,,1,267,48.9,55.0
5788,drop,Kurzen Commando,Stranglethorn Vale,,2.22,0,,0,0,0.0,0.0
5789,vendor,Blixrez Goodstitch,Stranglethorn Vale,,0.0,0,,1,33,28.2,77.5
5789,vendor,Helenia Olden,Dustwallow Marsh,alliance,0.0,0,,1,15,66.4,51.5
5789,drop,Bloodsail Raider,Stranglethorn Vale,,1.98,0,,0,0,0.0,0.0
5789,drop,Blackwater Deckhand,Arathi Highlands,,1.68,0,,0,0,0.0,0.0
5972,world_drop,,,,0.0,460,15-31,0,0,0.0,0.0
5973,vendor,Hammon Karwn,Arathi Highlands,alliance,0.0,0,,1,45,46.5,47.4
5973,vendor,Jandia,Thousand Needles,horde,0.0,0,,1,400,46.2,51.5
5973,vendor,Keena,Arathi Highlands,horde,0.0,0,,1,45,74.1,32.7
5973,vendor,Lardan,Ashenvale,alliance,0.0,0,,1,331,34.8,49.8
5974,world_drop,,,,0.0,388,19-47,0,0,0.0,0.0
6039,vendor,Kelsey Yance,Stranglethorn Vale,,0.0,0,,0,33,28.2,74.3
6044,world_drop,,,,0.0,405,19-38,0,0,0.0,0.0
6045,world_drop,,,,0.0,362,19-42,0,0,0.0,0.0
6046,world_drop,,,,0.0,29,30-45,0,0,0.0,0.0
6047,vendor,Krinkle Goodsteel,Tanaris,,0.0,0,,1,440,51.5,28.8
6053,vendor,Hula'mahi,The Barrens,horde,0.0,0,,1,17,51.4,30.2
6053,vendor,Kzixx,Duskwood,,0.0,0,,1,10,81.8,19.8
6053,vendor,Xandar Goodbeard,Loch Modan,alliance,0.0,0,,1,38,82.5,63.4
6054,vendor,Christoph Jeffcoat,Alterac Mountains,horde,0.0,0,,1,36,61.1,80.7
6054,vendor,Harklan Moongrove,Ashenvale,alliance,0.0,0,,1,331,50.8,67.0
6055,vendor,Jeeda,Stonetalon Mountains,horde,0.0,0,,1,406,47.6,61.6
6055,vendor,Nandar Branson,Hillsbrad Foothills,alliance,0.0,0,,1,267,50.9,57.1
6056,vendor,Drovnar Strongbrew,Arathi Highlands,alliance,0.0,0,,1,45,46.3,47.0
6056,vendor,Glyx Brewright,Stranglethorn Vale,,0.0,0,,1,33,28.1,78.1
6057,vendor,Alchemist Pestlezugg,Tanaris,,0.0,0,,1,440,50.9,27.0
6057,vendor,Bronk,Feralas,horde,0.0,0,,1,357,76.1,43.3
6057,vendor,Glyx Brewright,Stranglethorn Vale,,0.0,0,,1,33,28.1,78.1
6057,vendor,Logannas,Feralas,alliance,0.0,0,,1,357,32.7,44.0
6068,vendor,Bliztik,Westfall,,0.0,0,,1,40,76.3,55.5
6068,vendor,Montarr,Thousand Needles,horde,0.0,0,,1,400,45.1,50.8
6211,world_drop,,,,0.0,390,20-58,0,0,0.0,0.0
6270,vendor,Borya,Orgrimmar,horde,0.0,0,,1,1637,63.1,51.4
6270,vendor,Constance Brisboise,Tirisfal Glades,horde,0.0,0,,1,85,52.6,55.8
6270,vendor,Tharynn Bouden,Elwynn Forest,alliance,0.0,0,,1,12,41.8,67.2
6270,vendor,Valdaron,Darkshore,alliance,0.0,0,,1,148,38.2,40.6
6270,vendor,Wrahk,The Barrens,horde,0.0,0,,1,17,52.2,31.7
6271,world_drop,,,,0.0,550,5-22,0,0,0.0,0.0
6272,vendor,Andrew Hilbert,Silverpine Forest,horde,0.0,0,,1,130,43.2,40.7
6272,vendor,Drake Lindgren,Elwynn Forest,alliance,0.0,0,,1,12,83.3,66.7
6272,vendor,Elynna,Darnassus,alliance,0.0,0,,1,1657,64.6,21.6
6272,vendor,Ranik,The Barrens,,0.0,0,,1,17,61.9,38.7
6272,vendor,Wrahk,The Barrens,horde,0.0,0,,1,17,52.2,31.7
6274,vendor,Alexandra Bolero,Stormwind City,alliance,0.0,0,,1,1519,53.1,81.8
6274,vendor,Borya,Orgrimmar,horde,0.0,0,,1,1637,63.1,51.4
6274,vendor,Gina MacGregor,Westfall,alliance,0.0,0,,1,40,57.6,54.1
6274,vendor,Mallen Swain,Hillsbrad Foothills,horde,0.0,0,,1,267,61.9,21.0
6274,vendor,Yonada,Mulgore,horde,0.0,0,,1,215,71.8,64.9
6275,vendor,Elynna,Darnassus,alliance,0.0,0,,1,1657,64.6,21.6
6275,vendor,Jennabink Powerseam,Wetlands,alliance,0.0,0,,1,11,8.1,55.8
6275,vendor,Millie Gregorian,Undercity,horde,0.0,0,,1,1497,70.6,30.1
6275,vendor,Ranik,The Barrens,,0.0,0,,1,17,61.9,38.7
6275,vendor,Rann Flamespinner,Loch Modan,alliance,0.0,0,,1,38,35.9,45.9
6275,vendor,Sheri Zipstitch,Duskwood,alliance,0.0,0,,1,10,75.7,45.6
6325,vendor,Catherine Leland,Stormwind City,alliance,0.0,0,,0,1519,55.1,69.8
6325,vendor,Gretta Ganter,Dun Morogh,alliance,0.0,0,,0,1,31.5,44.7
6325,vendor,Harn Longcast,Mulgore,horde,0.0,0,,0,215,46.7,59.1
6325,vendor,Khara Deepwater,Loch Modan,alliance,0.0,0,,0,38,40.3,39.3
6325,vendor,Lizbeth Cromwell,Undercity,horde,0.0,0,,0,1497,81.0,30.8
6325,vendor,Martine Tramblay,Tirisfal Glades,horde,0.0,0,,0,85,65.9,59.6
6325,vendor,Nyoma,Teldrassil,alliance,0.0,0,,0,141,57.2,61.3
6325,vendor,Sewa Mistrunner,Thunder Bluff,horde,0.0,0,,0,1638,55.8,47.0
6325,vendor,Tharynn Bouden,Elwynn Forest,alliance,0.0,0,,0,12,41.8,67.2
6326,vendor,Kriggon Talsone,Westfall,alliance,0.0,0,,0,40,36.2,90.2
6326,vendor,Martine Tramblay,Tirisfal Glades,horde,0.0,0,,0,85,65.9,59.6
6326,vendor,Nessa Shadowsong,Teldrassil,alliance,0.0,0,,0,141,56.3,92.4
6326,vendor,Tansy Puddlefizz,Ironforge,alliance,0.0,0,,0,1537,48.2,6.5
6326,vendor,Zansoa,Durotar,horde,0.0,0,,0,14,56.1,73.4
6328,vendor,Harn Longcast,Mulgore,horde,0.0,0,,0,215,46.7,59.1
6328,vendor,Khara Deepwater,Loch Modan,alliance,0.0,0,,0,38,40.3,39.3
6328,vendor,Killian Sanatha,Silverpine Forest,horde,0.0,0,,0,130,33.0,17.8
6328,vendor,Lizbeth Cromwell,Undercity,horde,0.0,0,,0,1497,81.0,30.8
6328,vendor,Naal Mistrunner,Thunder Bluff,horde,0.0,0,,0,1638,51.0,52.5
6328,vendor,Nyoma,Teldrassil,alliance,0.0,0,,0,141,57.2,61.3
6328,vendor,Tansy Puddlefizz,Ironforge,alliance,0.0,0,,0,1537,48.2,6.5
6328,vendor,Tharynn Bouden,Elwynn Forest,alliance,0.0,0,,0,12,41.8,67.2
6329,vendor,Khara Deepwater,Loch Modan,alliance,0.0,0,,0,38,40.3,39.3
6330,vendor,Catherine Leland,Stormwind City,alliance,0.0,0,,0,1519,55.1,69.8
6330,vendor,Derak Nightfall,Hillsbrad Foothills,horde,0.0,0,,0,267,63.1,19.4
6330,vendor,Kilxx,The Barrens,,0.0,0,,0,17,62.8,38.2
6330,vendor,Lindea Rabonne,Hillsbrad Foothills,alliance,0.0,0,,0,267,50.6,60.9
6330,vendor,Naal Mistrunner,Thunder Bluff,horde,0.0,0,,0,1638,51.0,52.5
6330,vendor,Ronald Burch,Undercity,horde,0.0,0,,0,1497,62.3,43.1
6330,vendor,Sewa Mistrunner,Thunder Bluff,horde,0.0,0,,0,1638,55.8,47.0
6342,vendor,Jessara Cordell,Stormwind City,alliance,0.0,0,,1,1519,52.8,74.3
6342,vendor,Kania,Silithus,,0.0,0,,1,1377,52.0,39.7
6342,vendor,Kithas,Orgrimmar,horde,0.0,0,,1,1637,53.9,38.0
6342,vendor,Leo Sarn,Silverpine Forest,horde,0.0,0,,1,130,53.9,82.2
6342,vendor,Lilly,Silverpine Forest,horde,0.0,0,,1,130,43.0,50.8
6342,vendor,Nata Dawnstrider,Thunder Bluff,horde,0.0,0,,1,1638,45.0,38.8
6342,vendor,Thaddeus Webb,Undercity,horde,0.0,0,,1,1497,62.4,61.0
6342,vendor,Tilli Thistlefuzz,Ironforge,alliance,0.0,0,,1,1537,61.0,44.0
6342,vendor,Vaean,Darnassus,alliance,0.0,0,,1,1657,58.6,14.7
6342,world_drop,,,,0.0,517,5-22,0,0,0.0,0.0
6344,world_drop,,,,0.0,546,10-29,0,0,0.0,0.0
6346,vendor,Kithas,Orgrimmar,horde,0.0,0,,1,1637,53.9,38.0
6346,vendor,Lilly,Silverpine Forest,horde,0.0,0,,1,130,43.0,50.8
6347,world_drop,,,,0.0,547,9-27,0,0,0.0,0.0
6348,world_drop,,,,0.0,539,10-27,0,0,0.0,0.0
6349,vendor,Kithas,Orgrimmar,horde,0.0,0,,1,1637,53.9,38.0
6349,vendor,Leo Sarn,Silverpine Forest,horde,0.0,0,,1,130,53.9,82.2
6349,vendor,Nata Dawnstrider,Thunder Bluff,horde,0.0,0,,1,1638,45.0,38.8
6349,vendor,Tilli Thistlefuzz,Ironforge,alliance,0.0,0,,1,1537,61.0,44.0
6368,vendor,Catherine Leland,Stormwind City,alliance,0.0,0,,0,1519,55.1,69.8
6368,vendor,Heldan Galesong,Darkshore,alliance,0.0,0,,0,148,37.0,56.4
6368,vendor,Killian Sanatha,Silverpine Forest,horde,0.0,0,,0,130,33.0,17.8
6368,vendor,Kilxx,The Barrens,,0.0,0,,0,17,62.8,38.2
6368,vendor,Kriggon Talsone,Westfall,alliance,0.0,0,,0,40,36.2,90.2
6368,vendor,Nessa Shadowsong,Teldrassil,alliance,0.0,0,,0,141,56.3,92.4
6368,vendor,Ronald Burch,Undercity,horde,0.0,0,,0,1497,62.3,43.1
6368,vendor,Shankys,Orgrimmar,horde,0.0,0,,0,1637,70.0,29.8
6368,vendor,Stuart Fleming,Wetlands,alliance,0.0,0,,0,11,8.0,58.3
6368,vendor,Zansoa,Durotar,horde,0.0,0,,0,14,56.1,73.4
6369,vendor,Heldan Galesong,Darkshore,alliance,0.0,0,,0,148,37.0,56.4
6369,vendor,Kelsey Yance,Stranglethorn Vale,,0.0,0,,0,33,28.2,74.3
6369,vendor,Lindea Rabonne,Hillsbrad Foothills,alliance,0.0,0,,0,267,50.6,60.9
6369,vendor,Lizbeth Cromwell,Undercity,horde,0.0,0,,0,1497,81.0,30.8
6369,vendor,Shankys,Orgrimmar,horde,0.0,0,,0,1637,70.0,29.8
6369,vendor,Stuart Fleming,Wetlands,alliance,0.0,0,,0,11,8.0,58.3
6369,vendor,Tansy Puddlefizz,Ironforge,alliance,0.0,0,,0,1537,48.2,6.5
6369,vendor,Wik'Tar,Ashenvale,horde,0.0,0,,0,331,11.7,34.1
6369,vendor,Wulan,Desolace,horde,0.0,0,,0,405,26.2,69.6
6375,world_drop,,,,0.0,456,14-58,0,0,0.0,0.0
6377,vendor,Nata Dawnstrider,Thunder Bluff,horde,0.0,0,,1,1638,45.0,38.8
6377,vendor,Zixil,Hillsbrad Foothills,,0.0,0,,1,267,55.7,34.8
6390,world_drop,,,,0.0,460,15-32,0,0,0.0,0.0
6391,world_drop,,,,0.0,450,15-32,0,0,0.0,0.0
6401,vendor,Mallen Swain,Hillsbrad Foothills,horde,0.0,0,,1,267,61.9,21.0
6401,vendor,Sheri Zipstitch,Duskwood,alliance,0.0,0,,1,10,75.7,45.6
6454,world_drop,,,,0.0,412,19-36,0,0,0.0,0.0
6474,vendor,Kalldan Felmoon,Mulgore,,0.0,0,,1,215,73.2,26.0
6475,vendor,Kalldan Felmoon,Mulgore,,0.0,0,,1,215,73.2,26.0
6476,quest,Deviate Eradication,Mulgore,,0.0,0,21,0,0,0.0,0.0
6661,world_drop,,,,0.0,112,10-30,0,0,0.0,0.0
6663,world_drop,,,,0.0,108,10-57,0,0,0.0,0.0
6672,quest,Flash Bomb Recipe,Badlands,,0.0,0,37,0,0,0.0,0.0
6710,quest,Moonglow Vest,Darnassus,alliance,0.0,0,18,0,0,0.0,0.0
6716,world_drop,,,,0.0,530,9-27,0,0,0.0,0.0
6735,quest,Gearing Redridge,Ironforge,alliance,0.0,0,16,0,0,0.0,0.0
6892,vendor,Andrew Hilbert,Silverpine Forest,horde,0.0,0,,0,130,43.2,40.7
6892,vendor,Drac Roughcut,Loch Modan,alliance,0.0,0,,0,38,35.6,49.2
7084,world_drop,,,,0.0,387,19-59,0,0,0.0,0.0
7085,world_drop,,,,0.0,397,19-47,0,0,0.0,0.0
7086,world_drop,,,,0.0,401,19-47,0,0,0.0,0.0
7087,vendor,Xizk Goodstitch,Stranglethorn Vale,,0.0,0,,1,33,28.7,76.9
7088,vendor,Vizzklick,Tanaris,,0.0,0,,1,440,51.0,27.4
7089,vendor,Brienna Starglow,Feralas,alliance,0.0,0,,1,357,89.0,46.0
7089,vendor,Jun'ha,Arathi Highlands,horde,0.0,0,,1,45,72.7,36.5
7090,world_drop,,,,0.0,377,25-41,0,0,0.0,0.0
7091,world_drop,,,,0.0,421,19-36,0,0,0.0,0.0
7092,world_drop,,,,0.0,409,19-37,0,0,0.0,0.0
7114,vendor,Kireena,Desolace,horde,0.0,0,,1,405,51.0,53.6
7114,vendor,Wenna Silkbeard,Wetlands,alliance,0.0,0,,1,11,25.6,25.8
7288,world_drop,,,,0.0,533,5-25,0,0,0.0,0.0
7289,vendor,Clyde Ranthal,Redridge Mountains,alliance,0.0,0,,1,44,83.9,70.9
7290,vendor,Wenna Silkbeard,Wetlands,alliance,0.0,0,,1,11,25.6,25.8
7360,world_drop,,,,0.0,411,19-59,0,0,0.0,0.0
7361,vendor,Harlown Darkweave,Stonetalon Mountains,alliance,0.0,0,,1,406,53.2,16.9
7362,vendor,Zixil,Hillsbrad Foothills,,0.0,0,,1,267,55.7,34.8
7363,world_drop,,,,0.0,397,19-36,0,0,0.0,0.0
7364,world_drop,,,,0.0,423,19-37,0,0,0.0,0.0
7449,world_drop,,,,0.0,380,24-58,0,0,0.0,0.0
7450,world_drop,,,,0.0,367,25-41,0,0,0.0,0.0
7451,vendor,Jangdor Swiftstrider,Feralas,horde,0.0,0,,1,357,74.4,42.9
7451,vendor,Joseph Moore,Undercity,horde,0.0,0,,1,1497,70.1,58.4
7451,vendor,Pratt McGrubben,Feralas,alliance,0.0,0,,1,357,30.6,42.7
7451,vendor,Saenorion,Darnassus,alliance,0.0,0,,1,1657,63.7,22.3
7452,world_drop,,,,0.0,56,30-46,0,0,0.0,0.0
7453,world_drop,,,,0.0,384,19-59,0,0,0.0,0.0
7560,vendor,Gearcutter Cogspinner,Ironforge,alliance,0.0,0,,1,1537,67.8,42.5
7560,vendor,Jinky Twizzlefixxit,Thousand Needles,,0.0,0,,1,400,77.7,77.9
7561,vendor,Kzixx,Duskwood,,0.0,0,,1,10,81.8,19.8
7561,vendor,Veenix,Stonetalon Mountains,,0.0,0,,1,406,58.2,51.7
7561,vendor,Zixil,Hillsbrad Foothills,,0.0,0,,1,267,55.7,34.8
7613,vendor,George Candarte,Hillsbrad Foothills,horde,0.0,0,,1,267,92.0,38.2
7613,vendor,Wenna Silkbeard,Wetlands,alliance,0.0,0,,1,11,25.6,25.8
7742,vendor,Zan Shivsproket,Hillsbrad Foothills,,0.0,0,,1,267,84.1,18.4
7742,drop,Mekgineer Thermaplugg,Gnomeregan,,2.0,0,,0,0,0.0,0.0
7975,world_drop,,,,0.0,394,33-54,0,0,0.0,0.0
7976,world_drop,,,,0.0,169,34-63,0,0,0.0,0.0
7978,quest,On Iron Pauldrons,Orgrimmar,horde,0.0,0,32,0,0,0.0,0.0
7979,quest,Barbaric Battlements,Orgrimmar,horde,0.0,0,32,0,0,0.0,0.0
7980,quest,Horns of Frenzy,Orgrimmar,horde,0.0,0,36,0,0,0.0,0.0
7981,quest,Trampled Under Foot,Orgrimmar,horde,0.0,0,36,0,0,0.0,0.0
7982,quest,Joys of Omosh,Orgrimmar,horde,0.0,0,36,0,0,0.0,0.0
7983,quest,"Smelt On, Smelt Off",Stranglethorn Vale,,0.0,0,45,0,0,0.0,0.0
7984,quest,The Great Silver Deceiver,Stranglethorn Vale,,0.0,0,45,0,0,0.0,0.0
7985,quest,The Art of the Imbue,Stranglethorn Vale,,0.0,0,45,0,0,0.0,0.0
7989,world_drop,,,,0.0,523,39-58,0,0,0.0,0.0
7990,world_drop,,,,0.0,504,40-60,0,0,0.0,0.0
7991,world_drop,,,,0.0,85,40-63,0,0,0.0,0.0
7992,world_drop,,,,0.0,394,33-52,0,0,0.0,0.0
7993,world_drop,,,,0.0,520,40-58,0,0,0.0,0.0
7995,vendor,Gharash,Swamp of Sorrows,horde,0.0,0,,1,8,45.5,51.4
7995,vendor,Harggan,The Hinterlands,alliance,0.0,0,,1,47,13.4,44.1
8028,world_drop,,,,0.0,95,40-63,0,0,0.0,0.0
8029,world_drop,,,,0.0,442,33-52,0,0,0.0,0.0
8030,vendor,Magnus Frostwake,Western Plaguelands,,0.0,0,,0,28,68.1,77.5
8384,world_drop,,,,0.0,29,31-45,0,0,0.0,0.0
8385,vendor,Jangdor Swiftstrider,Feralas,horde,0.0,0,,1,357,74.4,42.9
8385,vendor,Pratt McGrubben,Feralas,alliance,0.0,0,,1,357,30.6,42.7
8385,world_drop,,,,0.0,358,33-53,0,0,0.0,0.0
8386,world_drop,,,,0.0,407,33-52,0,0,0.0,0.0
8387,world_drop,,,,0.0,412,33-54,0,0,0.0,0.0
8389,world_drop,,,,0.0,546,40-57,0,0,0.0,0.0
8390,world_drop,,,,0.0,519,35-57,0,0,0.0,0.0
8395,drop,Wastewander Bandit,Tanaris,,5.92,0,,0,0,0.0,0.0
8397,drop,Wastewander Shadow Mage,Tanaris,,5.9,0,,0,0,0.0,0.0
8398,drop,Wastewander Thief,Tanaris,,6.1,0,,0,0,0.0,0.0
8399,drop,Wastewander Rogue,Tanaris,,6.18,0,,0,0,0.0,0.0
8400,drop,Wastewander Assassin,Tanaris,,6.26,0,,0,0,0.0,0.0
8400,drop,Andre Firebeard,Tanaris,,1.94,0,,0,0,0.0,0.0
8401,drop,Wastewander Rogue,Tanaris,,6.26,0,,0,0,0.0,0.0
8402,drop,Wastewander Assassin,Tanaris,,6.16,0,,0,0,0.0,0.0
8402,drop,Andre Firebeard,Tanaris,,1.64,0,,0,0,0.0,0.0
8403,quest,Wild Leather Shoulders,Feralas,alliance,0.0,0,45,0,0,0.0,0.0
8403,quest,Wild Leather Shoulders,Feralas,horde,0.0,0,45,0,0,0.0,0.0
8404,quest,Wild Leather Vest,Feralas,alliance,0.0,0,45,0,0,0.0,0.0
8404,quest,Wild Leather Vest,Feralas,horde,0.0,0,45,0,0,0.0,0.0
8405,quest,Wild Leather Helmet,Feralas,alliance,0.0,0,45,0,0,0.0,0.0
8405,quest,Wild Leather Helmet,Feralas,horde,0.0,0,45,0,0,0.0,0.0
8406,quest,Wild Leather Boots,Feralas,alliance,0.0,0,45,0,0,0.0,0.0
8406,quest,Wild Leather Boots,Feralas,horde,0.0,0,45,0,0,0.0,0.0
8407,quest,Wild Leather Leggings,Feralas,alliance,0.0,0,45,0,0,0.0,0.0
8407,quest,Wild Leather Leggings,Feralas,horde,0.0,0,45,0,0,0.0,0.0
8408,quest,Master of the Wild Leather,Feralas,alliance,0.0,0,45,0,0,0.0,0.0
8408,quest,Master of the Wild Leather,Feralas,horde,0.0,0,45,0,0,0.0,0.0
8409,vendor,Jangdor Swiftstrider,Feralas,horde,0.0,0,,1,357,74.4,42.9
8409,vendor,Nioma,The Hinterlands,alliance,0.0,0,,1,47,13.3,43.4
9214,drop,Scarshield Warlock,Blackrock Spire,,4.75,0,,0,0,0.0,0.0
9293,world_drop,,,,0.0,409,33-62,0,0,0.0,0.0
9294,world_drop,,,,0.0,46,36-52,0,0,0.0,0.0
9295,world_drop,,,,0.0,536,40-60,0,0,0.0,0.0
9296,drop,Skeletal Flayer,Western Plaguelands,,0.5,0,,0,0,0.0,0.0
9296,drop,Slavering Ghoul,Western Plaguelands,,0.5,0,,0,0,0.0,0.0
9297,world_drop,,,,0.0,81,43-63,0,0,0.0,0.0
9298,world_drop,,,,0.0,523,35-59,0,0,0.0,0.0
9300,vendor,Nina Lightbrew,Blasted Lands,alliance,0.0,0,,1,4,66.9,18.2
9300,vendor,Rartar,Swamp of Sorrows,horde,0.0,0,,1,8,45.4,56.9
9301,vendor,Algernon,Undercity,horde,0.0,0,,1,1497,51.7,74.7
9301,vendor,Maria Lumere,Stormwind City,alliance,0.0,0,,1,1519,55.9,85.6
9302,vendor,Bronk,Feralas,horde,0.0,0,,1,357,76.1,43.3
9302,vendor,Logannas,Feralas,alliance,0.0,0,,1,357,32.7,44.0
9303,vendor,Alchemist Pestlezugg,Tanaris,,0.0,0,,0,440,50.9,27.0
9304,vendor,Alchemist Pestlezugg,Tanaris,,0.0,0,,0,440,50.9,27.0
9305,vendor,Alchemist Pestlezugg,Tanaris,,0.0,0,,1,440,50.9,27.0
9367,quest,The Origins of Smithing,Stormwind City,alliance,0.0,0,40,0,0,0.0,0.0
10300,world_drop,,,,0.0,429,33-53,0,0,0.0,0.0
10301,world_drop,,,,0.0,422,23-55,0,0,0.0,0.0
10302,world_drop,,,,0.0,401,23-52,0,0,0.0,0.0
10311,vendor,Elynna,Darnassus,alliance,0.0,0,,1,1657,64.6,21.6
10311,vendor,Mahu,Thunder Bluff,horde,0.0,0,,1,1638,43.8,45.1
10312,world_drop,,,,0.0,406,23-52,0,0,0.0,0.0
10314,vendor,Borya,Orgrimmar,horde,0.0,0,,1,1637,63.1,51.4
10314,vendor,Outfitter Eric,Ironforge,alliance,0.0,0,,1,1537,43.4,29.3
10315,world_drop,,,,0.0,523,40-57,0,0,0.0,0.0
10316,world_drop,,,,0.0,446,14-32,0,0,0.0,0.0
10317,vendor,Borya,Orgrimmar,horde,0.0,0,,1,1637,63.1,51.4
10317,vendor,Outfitter Eric,Ironforge,alliance,0.0,0,,1,1537,43.4,29.3
10318,vendor,Cowardly Crosby,Stranglethorn Vale,,0.0,0,,1,33,27.0,82.5
10320,world_drop,,,,0.0,535,35-57,0,0,0.0,0.0
10321,vendor,Millie Gregorian,Undercity,horde,0.0,0,,1,1497,70.6,30.1
10321,vendor,Outfitter Eric,Ironforge,alliance,0.0,0,,1,1537,43.4,29.3
10323,vendor,Millie Gregorian,Undercity,horde,0.0,0,,1,1497,70.6,30.1
10323,vendor,Outfitter Eric,Ironforge,alliance,0.0,0,,1,1537,43.4,29.3
10325,vendor,Alexandra Bolero,Stormwind City,alliance,0.0,0,,1,1519,53.1,81.8
10325,vendor,Mahu,Thunder Bluff,horde,0.0,0,,1,1638,43.8,45.1
10326,vendor,Millie Gregorian,Undercity,horde,0.0,0,,1,1497,70.6,30.1
10326,vendor,Outfitter Eric,Ironforge,alliance,0.0,0,,1,1537,43.4,29.3
10424,world_drop,,,,0.0,424,20-59,0,0,0.0,0.0
10463,quest,The Undermarket,Searing Gorge,,0.0,0,50,0,0,0.0,0.0
10601,world_drop,,,,0.0,361,19-42,0,0,0.0,0.0
10602,vendor,Knaz Blunderflame,Stranglethorn Vale,,0.0,0,,1,33,51.1,35.2
10602,vendor,Yuka Screwspigot,Burning Steppes,,0.0,0,,1,46,66.1,22.0
10603,world_drop,,,,0.0,401,33-52,0,0,0.0,0.0
10604,world_drop,,,,0.0,397,33-52,0,0,0.0,0.0
10605,world_drop,,,,0.0,157,34-63,0,0,0.0,0.0
10606,world_drop,,,,0.0,406,33-52,0,0,0.0,0.0
10607,vendor,Jubie Gadgetspring,Azshara,,0.0,0,,1,16,45.3,90.9
10608,world_drop,,,,0.0,91,40-63,0,0,0.0,0.0
10609,vendor,Ruppo Zipcoil,The Hinterlands,,0.0,0,,1,47,34.3,37.8
10728,vendor,Narkk,Stranglethorn Vale,,0.0,0,,1,33,28.1,74.4
10858,vendor,Jannos Ironwill,Arathi Highlands,alliance,0.0,0,,1,45,46.0,47.7
10858,vendor,Jazzrik,Badlands,,0.0,0,,1,3,42.5,52.5
10858,vendor,Muuran,Desolace,horde,0.0,0,,1,405,55.6,56.5
11038,world_drop,,,,0.0,456,15-31,0,0,0.0,0.0
11039,vendor,Dalria,Ashenvale,alliance,0.0,0,,1,331,35.1,52.1
11039,vendor,Kulwia,Stonetalon Mountains,horde,0.0,0,,1,406,45.4,59.3
11039,world_drop,,,,0.0,440,15-58,0,0,0.0,0.0
11081,world_drop,,,,0.0,434,14-31,0,0,0.0,0.0
11098,world_drop,,,,0.0,403,19-37,0,0,0.0,0.0
11101,vendor,Dalria,Ashenvale,alliance,0.0,0,,1,331,35.1,52.1
11101,vendor,Kulwia,Stonetalon Mountains,horde,0.0,0,,1,406,45.4,59.3
11150,drop,Dark Iron Saboteur,Wetlands,,2.5,0,,0,0,0.0,0.0
11150,drop,Dark Iron Tunneler,Wetlands,,2.44,0,,0,0,0.0,0.0
11150,drop,Dark Iron Dwarf,Wetlands,,2.34,0,,0,0,0.0,0.0
11150,more,,,,0.0,2,,0,0,0.0,0.0
11151,drop,Blackened Ancient,Stonetalon Mountains,,2.44,0,,0,0,0.0,0.0
11151,drop,Withered Ancient,Ashenvale,,2.16,0,,0,0,0.0,0.0
11151,drop,Charred Ancient,Stonetalon Mountains,,1.86,0,,0,0,0.0,0.0
11151,more,,,,0.0,2,,0,0,0.0,0.0
11152,drop,Torn Fin Muckdweller,Hillsbrad Foothills,,2.18,0,,0,0,0.0,0.0
11152,drop,Torn Fin Oracle,Hillsbrad Foothills,,2.04,0,,0,0,0.0,0.0
11152,drop,Torn Fin Tidehunter,Hillsbrad Foothills,,2.0,0,,0,0,0.0,0.0
11152,more,,,,0.0,2,,0,0,0.0,0.0
11163,vendor,Keena,Arathi Highlands,horde,0.0,0,,1,45,74.1,32.7
11163,vendor,Micha Yance,Hillsbrad Foothills,alliance,0.0,0,,1,267,48.9,55.0
11164,world_drop,,,,0.0,378,25-58,0,0,0.0,0.0
11165,world_drop,,,,0.0,367,19-59,0,0,0.0,0.0
11166,drop,Witherbark Headhunter,Arathi Highlands,,2.12,0,,0,0,0.0,0.0
11166,drop,Witherbark Shadow Hunter,Arathi Highlands,,2.06,0,,0,0,0.0,0.0
11166,drop,Witherbark Berserker,Arathi Highlands,,1.7,0,,0,0,0.0,0.0
11166,more,,,,0.0,1,,0,0,0.0,0.0
11167,world_drop,,,,0.0,397,19-47,0,0,0.0,0.0
11168,world_drop,,,,0.0,40,30-47,0,0,0.0,0.0
11202,world_drop,,,,0.0,412,33-52,0,0,0.0,0.0
11203,drop,Venture Co. Strip Miner,Stranglethorn Vale,,4.0,0,,0,0,0.0,0.0
11204,world_drop,,,,0.0,402,33-52,0,0,0.0,0.0
11205,drop,Swampwalker,Swamp of Sorrows,,2.08,0,,0,0,0.0,0.0
11205,drop,Molt Thorn,Swamp of Sorrows,,1.9,0,,0,0,0.0,0.0
11205,drop,Swampwalker Elder,Deadwind Pass,,1.84,0,,0,0,0.0,0.0
11205,more,,,,0.0,2,,0,0,0.0,0.0
11206,drop,Syndicate Assassin,Alterac Mountains,,2.0,0,,0,0,0.0,0.0
11206,drop,Wastewander Assassin,Tanaris,,1.98,0,,0,0,0.0,0.0
11207,drop,Pyromancer Loregrain,Blackrock Depths,,16.0,0,,0,0,0.0,0.0
11208,world_drop,,,,0.0,518,39-58,0,0,0.0,0.0
11223,vendor,Banalash,Swamp of Sorrows,horde,0.0,0,,1,8,44.8,56.6
11223,vendor,Mythrin'dir,Darnassus,alliance,0.0,0,,1,1657,61.0,17.7
11224,world_drop,,,,0.0,87,41-63,0,0,0.0,0.0
11225,world_drop,,,,0.0,511,35-57,0,0,0.0,0.0
11226,world_drop,,,,0.0,72,40-63,0,0,0.0,0.0
11611,drop,Ribbly's Crony,Blackrock Depths,,9.24,0,,0,0,0.0,0.0
11611,drop,Hammered Patron,Blackrock Depths,,7.76,0,,0,0,0.0,0.0
11612,drop,Ribbly Screwspigot,Blackrock Depths,,27.5,0,,0,0,0.0,0.0
11614,object,Blacksmithing Plans,Blackrock Depths,,38.7,0,,0,0,0.0,0.0
11614,drop,Molten War Golem,Blackrock Depths,,0.1,0,,0,0,0.0,0.0
11614,drop,Wrath Hammer Construct,Blackrock Depths,,0.08,0,,0,0,0.0,0.0
11614,more,,,,0.0,6,,0,0,0.0,0.0
11615,object,Blacksmithing Plans,Blackrock Depths,,18.3,0,,0,0,0.0,0.0
11615,drop,Anvilrage Footman,Blackrock Depths,,0.02,0,,0,0,0.0,0.0
11615,drop,Anvilrage Guardsman,Blackrock Depths,,0.02,0,,0,0,0.0,0.0
11615,more,,,,0.0,10,,0,0,0.0,0.0
11732,world_drop,,,,0.0,158,48-58,0,0,0.0,0.0
11733,world_drop,,,,0.0,157,48-60,0,0,0.0,0.0
11734,world_drop,,,,0.0,157,48-58,0,0,0.0,0.0
11736,world_drop,,,,0.0,152,48-58,0,0,0.0,0.0
11737,world_drop,,,,0.0,161,48-58,0,0,0.0,0.0
11813,drop,Lord Roccor,Blackrock Depths,,15.0,0,,0,0,0.0,0.0
11827,container,Gnome Engineer's Renewal Gift,,,5.0,0,,0,0,0.0,0.0
11828,container,Goblin Engineer's Renewal Gift,,,5.0,0,,0,0,0.0,0.0
12162,vendor,Jutak,Stranglethorn Vale,,0.0,0,,1,33,27.5,77.5
12162,vendor,Kaita Deepforge,Stormwind City,alliance,0.0,0,,1,1519,63.3,37.7
12162,vendor,Sumi,Orgrimmar,horde,0.0,0,,1,1637,82.6,24.0
12163,vendor,Zarena Cromwind,Stranglethorn Vale,,0.0,0,,1,33,28.3,75.5
12164,vendor,Jaquilina Dramet,Stranglethorn Vale,,0.0,0,,1,33,35.8,10.7
12164,vendor,Vharr,Stranglethorn Vale,horde,0.0,0,,1,33,32.4,28.0
12226,vendor,Abigail Shiel,Tirisfal Glades,horde,0.0,0,,0,85,61.0,52.4
12227,vendor,Super-Seller 680,Desolace,,0.0,0,,1,405,40.5,79.3
12228,vendor,Corporal Bluth,Duskwood,alliance,0.0,0,,0,10,38.3,87.7
12228,vendor,Hammon Karwn,Arathi Highlands,alliance,0.0,0,,0,45,46.5,47.4
12228,vendor,Helenia Olden,Dustwallow Marsh,alliance,0.0,0,,0,15,66.4,51.5
12228,vendor,Keena,Arathi Highlands,horde,0.0,0,,0,45,74.1,32.7
12228,vendor,Nerrist,Stranglethorn Vale,horde,0.0,0,,0,33,32.7,29.2
12228,vendor,Ogg'marr,Dustwallow Marsh,horde,0.0,0,,0,15,36.7,31.0
12228,vendor,Vendor-Tron 1000,Desolace,,0.0,0,,1,405,60.3,38.2
12229,vendor,Sheendra Tallgrass,Feralas,horde,0.0,0,,0,357,74.5,42.7
12229,vendor,Super-Seller 680,Desolace,,0.0,0,,1,405,40.5,79.3
12229,vendor,Vivianna,Feralas,alliance,0.0,0,,0,357,31.3,43.5
12231,vendor,Corporal Bluth,Duskwood,alliance,0.0,0,,0,10,38.3,87.7
12231,vendor,Nerrist,Stranglethorn Vale,horde,0.0,0,,0,33,32.7,29.2
12231,vendor,Vendor-Tron 1000,Desolace,,0.0,0,,1,405,60.3,38.2
12232,vendor,Banalash,Swamp of Sorrows,horde,0.0,0,,0,8,44.8,56.6
12232,vendor,Kireena,Desolace,horde,0.0,0,,0,405,51.0,53.6
12232,vendor,Ogg'marr,Dustwallow Marsh,horde,0.0,0,,0,15,36.7,31.0
12232,vendor,Vendor-Tron 1000,Desolace,,0.0,0,,1,405,60.3,38.2
12233,vendor,Helenia Olden,Dustwallow Marsh,alliance,0.0,0,,0,15,66.4,51.5
12233,vendor,Janet Hommers,Stonetalon Mountains,alliance,0.0,0,,0,406,40.7,81.7
12233,vendor,Super-Seller 680,Desolace,,0.0,0,,1,405,40.5,79.3
12239,vendor,Helenia Olden,Dustwallow Marsh,alliance,0.0,0,,0,15,66.4,51.5
12239,vendor,Ogg'marr,Dustwallow Marsh,horde,0.0,0,,0,15,36.7,31.0
12239,vendor,Super-Seller 680,Desolace,,0.0,0,,1,405,40.5,79.3
12240,vendor,Janet Hommers,Stonetalon Mountains,alliance,0.0,0,,0,406,40.7,81.7
12240,vendor,Kireena,Desolace,horde,0.0,0,,0,405,51.0,53.6
12240,vendor,Vendor-Tron 1000,Desolace,,0.0,0,,1,405,60.3,38.2
12261,world_drop,,,,0.0,25,31-45,0,0,0.0,0.0
12682,world_drop,,,,0.0,569,45-63,0,0,0.0,0.0
12683,world_drop,,,,0.0,609,44-63,0,0,0.0,0.0
12684,world_drop,,,,0.0,580,44-63,0,0,0.0,0.0
12685,world_drop,,,,0.0,116,45-63,0,0,0.0,0.0
12687,quest,Imperial Plate Shoulders,Tanaris,,0.0,0,60,0,0,0.0,0.0
12688,quest,Imperial Plate Belt,Tanaris,,0.0,0,60,0,0,0.0,0.0
12689,world_drop,,,,0.0,600,42-63,0,0,0.0,0.0
12690,quest,Imperial Plate Bracer,Tanaris,,0.0,0,60,0,0,0.0,0.0
12691,world_drop,,,,0.0,583,44-63,0,0,0.0,0.0
12692,world_drop,,,,0.0,98,45-63,0,0,0.0,0.0
12693,world_drop,,,,0.0,492,48-63,0,0,0.0,0.0
12694,world_drop,,,,0.0,505,48-63,0,0,0.0,0.0
12695,world_drop,,,,0.0,504,48-63,0,0,0.0,0.0
12696,quest,The Demon Forge,Winterspring,,0.0,0,60,0,0,0.0,0.0
12697,world_drop,,,,0.0,503,25-63,0,0,0.0,0.0
12698,drop,Azuregos,Azshara,,1.32,0,,0,0,0.0,0.0
12698,drop,Onyxia,Onyxia's Lair,,1.32,0,,0,0,0.0,0.0
12698,drop,Hive'Zora Tunneler,Silithus,,0.02,0,,0,0,0.0,0.0
12698,more,,,,0.0,4,,0,0,0.0,0.0
12699,quest,Fiery Plate Gauntlets,Winterspring,,0.0,0,60,0,0,0.0,0.0
12700,quest,Imperial Plate Boots,Tanaris,,0.0,0,60,0,0,0.0,0.0
12701,quest,Imperial Plate Helm,Tanaris,,0.0,0,60,0,0,0.0,0.0
12702,world_drop,,,,0.0,113,50-63,0,0,0.0,0.0
12703,vendor,Magnus Frostwake,Western Plaguelands,,0.0,0,,0,28,68.1,77.5
12703,world_drop,,,,0.0,121,50-63,0,0,0.0,0.0
12704,world_drop,,,,0.0,516,48-63,0,0,0.0,0.0
12705,quest,Imperial Plate Chest,Tanaris,,0.0,0,60,0,0,0.0,0.0
12706,drop,Strashaz Serpent Guard,The Barrens,,9.21,0,,0,0,0.0,0.0
12707,drop,Scarlet Cavalier,Western Plaguelands,,10.02,0,,0,0,0.0,0.0
12711,world_drop,,,,0.0,119,48-63,0,0,0.0,0.0
12713,world_drop,,,,0.0,429,54-63,0,0,0.0,0.0
12714,drop,Strashaz Warrior,The Barrens,,5.52,0,,0,0,0.0,0.0
12715,quest,Imperial Plate Leggings,Tanaris,,0.0,0,60,0,0,0.0,0.0
12716,drop,Lord Kazzak,Blasted Lands,,0.39,0,,0,0,0.0,0.0
12716,drop,Ancient Core Hound,Molten Core,,0.02,0,,0,0,0.0,0.0
12716,drop,Anubisath Guardian,Ruins of Ahn'Qiraj,,0.02,0,,0,0,0.0,0.0
12716,more,,,,0.0,6,,0,0,0.0,0.0
12717,drop,Azuregos,Azshara,,1.32,0,,0,0,0.0,0.0
12717,drop,Onyxia,Onyxia's Lair,,1.32,0,,0,0,0.0,0.0
12717,drop,Lord Kazzak,Blasted Lands,,0.14,0,,0,0,0.0,0.0
12717,more,,,,0.0,8,,0,0,0.0,0.0
12718,drop,Strashaz Myrmidon,The Barrens,,11.44,0,,0,0,0.0,0.0
12718,drop,Tidelord Rrurgaz,The Barrens,,10.42,0,,0,0,0.0,0.0
12719,drop,Scarlet Smith,Western Plaguelands,,100.0,0,,0,0,0.0,0.0
12720,world_drop,,,,0.0,24,60-63,0,0,0.0,0.0
12725,quest,Enchanted Thorium Platemail: Volume III,,,0.0,0,60,0,0,0.0,0.0
12726,quest,Enchanted Thorium Platemail: Volume II,,,0.0,0,60,0,0,0.0,0.0
12727,quest,Enchanted Thorium Platemail: Volume I,,,0.0,0,60,0,0,0.0,0.0
12728,world_drop,,,,0.0,28,58-63,0,0,0.0,0.0
12819,vendor,Magnus Frostwake,Western Plaguelands,,0.0,0,,0,28,68.1,77.5
12821,quest,Snakestone of the Shadow Huntress,Winterspring,,0.0,0,60,0,0,0.0,0.0
12823,vendor,Magnus Frostwake,Western Plaguelands,,0.0,0,,0,28,68.1,77.5
12824,quest,Sweet Serenity,Winterspring,,0.0,0,60,0,0,0.0,0.0
12824,quest,Sweet Serenity,,,0.0,0,60,0,0,0.0,0.0
12825,quest,Corruption,Winterspring,,0.0,0,60,0,0,0.0,0.0
12827,object,Blacksmithing Plans,Stratholme,,31.9,0,,0,0,0.0,0.0
12827,drop,Crimson Priest,Stratholme,,0.26,0,,0,0,0.0,0.0
12827,drop,Crimson Defender,Stratholme,,0.08,0,,0,0,0.0,0.0
12827,more,,,,0.0,4,,0,0,0.0,0.0
12828,drop,Volchan,Burning Steppes,,65.0,0,,0,0,0.0,0.0
12830,object,Blacksmithing Plans,Stratholme,,11.0,0,,0,0,0.0,0.0
12833,drop,Maleki the Pallid,Stratholme,,6.0,0,,0,0,0.0,0.0
12834,drop,Goraluk Anvilcrack,Blackrock Spire,,14.29,0,,0,0,0.0,0.0
12835,drop,Quartermaster Zigris,Blackrock Spire,,10.0,0,,0,0,0.0,0.0
12836,drop,Foreman Marcrid,Western Plaguelands,,100.0,0,,0,0,0.0,0.0
12837,drop,Goraluk Anvilcrack,Blackrock Spire,,14.29,0,,0,0,0.0,0.0
12839,drop,Cannon Master Willey,Stratholme,,6.0,0,,0,0,0.0,0.0
12958,vendor,Alchemist Pestlezugg,Tanaris,,0.0,0,,0,440,50.9,27.0
13287,vendor,Tunkk,Arathi Highlands,horde,0.0,0,,1,45,74.8,34.6
13288,vendor,Androd Fadran,Arathi Highlands,alliance,0.0,0,,1,45,45.1,46.8
13308,vendor,Rizz Loosebolt,Alterac Mountains,,0.0,0,,1,36,47.3,35.2
13309,vendor,Fradd Swiftgear,Wetlands,alliance,0.0,0,,1,11,26.4,25.8
13309,vendor,Jinky Twizzlefixxit,Thousand Needles,,0.0,0,,1,400,77.7,77.9
13310,vendor,Mazk Snipeshot,Stranglethorn Vale,,0.0,0,,1,33,28.5,75.1
13311,vendor,Gnaz Blunderflame,Stranglethorn Vale,,0.0,0,,1,33,51.0,35.2
13476,drop,Blackrock Slayer,Burning Steppes,,4.0,0,,0,0,0.0,0.0
13477,vendor,Algernon,Undercity,horde,0.0,0,,1,1497,51.7,74.7
13477,vendor,Ulthir,Darnassus,alliance,0.0,0,,1,1657,55.8,24.5
13478,vendor,Kor'geld,Orgrimmar,horde,0.0,0,,1,1637,56.1,34.1
13478,vendor,Soolie Berryfizz,Ironforge,alliance,0.0,0,,1,1537,66.2,54.5
13479,drop,Scarlet Inquisitor,Eastern Plaguelands,,4.0,0,,0,0,0.0,0.0
13479,drop,Scarlet Archmage,Eastern Plaguelands,,2.0,0,,0,0,0.0,0.0
13479,drop,Scarlet Cleric,Eastern Plaguelands,,2.0,0,,0,0,0.0,0.0
13479,more,,,,0.0,2,,0,0,0.0,0.0
13480,vendor,Evie Whirlbrew,Winterspring,,0.0,0,,1,618,60.8,37.8
13481,container,Small Brown-wrapped Package,,,0.7,0,,0,0,0.0,0.0
13482,vendor,Argent Quartermaster Hasana,Western Plaguelands,,0.0,0,,0,28,26.6,55.2
13482,vendor,Argent Quartermaster Lightspark,Western Plaguelands,,0.0,0,,0,28,42.8,83.7
13482,vendor,Quartermaster Miranda Breechlock,Eastern Plaguelands,,0.0,0,,0,139,71.8,50.2
13483,vendor,Plugger Spazzring,Blackrock Depths,,0.0,0,,0,0,0.0,0.0
13484,vendor,Meilosh,Winterspring,,0.0,0,,0,618,25.6,31.9
13484,vendor,Meilosh,Winterspring,,0.0,0,,1,618,25.6,31.9
13485,vendor,Magnus Frostwake,Western Plaguelands,,0.0,0,,0,28,68.1,77.5
13486,world_drop,,,,0.0,123,45-63,0,0,0.0,0.0
13487,world_drop,,,,0.0,117,45-63,0,0,0.0,0.0
13488,world_drop,,,,0.0,127,45-63,0,0,0.0,0.0
13489,world_drop,,,,0.0,105,47-63,0,0,0.0,0.0
13490,world_drop,,,,0.0,499,48-63,0,0,0.0,0.0
13491,drop,Jadefire Rogue,Felwood,,2.0,0,,0,0,0.0,0.0
13491,drop,Legashi Rogue,Azshara,,2.0,0,,0,0,0.0,0.0
13492,world_drop,,,,0.0,501,48-63,0,0,0.0,0.0
13493,world_drop,,,,0.0,131,50-63,0,0,0.0,0.0
13494,drop,Firebrand Invoker,Blackrock Spire,,2.0,0,,0,0,0.0,0.0
13494,drop,Firebrand Pyromancer,Blackrock Spire,,2.0,0,,0,0,0.0,0.0
13495,drop,Frostmaul Giant,Winterspring,,2.0,0,,0,0,0.0,0.0
13496,drop,Decaying Horror,Western Plaguelands,,1.0,0,,0,0,0.0,0.0
13496,drop,Rotting Behemoth,Western Plaguelands,,1.0,0,,0,0,0.0,0.0
13497,drop,Cobalt Mageweaver,Winterspring,,1.7,0,,0,0,0.0,0.0
13499,drop,Dark Adept,Eastern Plaguelands,,1.0,0,,0,0,0.0,0.0
13499,drop,Shadowmage,Eastern Plaguelands,,1.0,0,,0,0,0.0,0.0
13501,vendor,Magnus Frostwake,Western Plaguelands,,0.0,0,,0,28,68.1,77.5
13518,world_drop,,,,0.0,123,51-63,0,0,0.0,0.0
13519,drop,General Drakkisath,Blackrock Spire,,2.5,0,,0,0,0.0,0.0
13520,drop,Grand Crusader Dathrohan,Stratholme,,3.0,0,,0,0,0.0,0.0
13521,drop,Ras Frostwhisper,Scholomance,,3.0,0,,0,0,0.0,0.0
13939,vendor,Gikkix,Tanaris,,0.0,0,,0,440,66.6,22.1
13940,vendor,Kelsey Yance,Stranglethorn Vale,,0.0,0,,0,33,28.2,74.3
13941,vendor,Kelsey Yance,Stranglethorn Vale,,0.0,0,,0,33,28.2,74.3
13942,vendor,Gikkix,Tanaris,,0.0,0,,0,440,66.6,22.1
13943,vendor,Kelsey Yance,Stranglethorn Vale,,0.0,0,,0,33,28.2,74.3
13945,vendor,Gikkix,Tanaris,,0.0,0,,0,440,66.6,22.1
13946,vendor,Gikkix,Tanaris,,0.0,0,,0,440,66.6,22.1
13947,vendor,Sheendra Tallgrass,Feralas,horde,0.0,0,,0,357,74.5,42.7
13947,vendor,Vivianna,Feralas,alliance,0.0,0,,0,357,31.3,43.5
13948,vendor,Sheendra Tallgrass,Feralas,horde,0.0,0,,0,357,74.5,42.7
13948,vendor,Vivianna,Feralas,alliance,0.0,0,,0,357,31.3,43.5
13949,vendor,Sheendra Tallgrass,Feralas,horde,0.0,0,,0,357,74.5,42.7
13949,vendor,Vivianna,Feralas,alliance,0.0,0,,0,357,31.3,43.5
14466,world_drop,,,,0.0,594,44-63,0,0,0.0,0.0
14467,world_drop,,,,0.0,580,44-63,0,0,0.0,0.0
14468,vendor,Qia,Winterspring,,0.0,0,,1,618,61.2,37.2
14469,vendor,Darnall,Moonglade,,0.0,0,,1,493,51.5,33.3
14470,world_drop,,,,0.0,598,45-63,0,0,0.0,0.0
14471,drop,Twilight Fire Guard,Searing Gorge,,2.04,0,,0,0,0.0,0.0
14472,vendor,Darnall,Moonglade,,0.0,0,,1,493,51.5,33.3
14473,drop,Lingering Highborne,Azshara,,1.88,0,,0,0,0.0,0.0
14474,world_drop,,,,0.0,606,44-63,0,0,0.0,0.0
14476,drop,Twilight Fire Guard,Searing Gorge,,2.06,0,,0,0,0.0,0.0
14477,drop,Lingering Highborne,Azshara,,2.4,0,,0,0,0.0,0.0
14477,drop,Unseen Servant,Eastern Plaguelands,,2.1,0,,0,0,0.0,0.0
14478,world_drop,,,,0.0,584,44-63,0,0,0.0,0.0
14479,world_drop,,,,0.0,597,45-63,0,0,0.0,0.0
14480,drop,Unseen Servant,Eastern Plaguelands,,1.96,0,,0,0,0.0,0.0
14481,vendor,Qia,Winterspring,,0.0,0,,1,618,61.2,37.2
14482,drop,Thaurissan Firewalker,Burning Steppes,,1.78,0,,0,0,0.0,0.0
14483,vendor,Lorelae Wintersong,Moonglade,,0.0,0,,1,493,48.2,40.1
14484,world_drop,,,,0.0,581,45-63,0,0,0.0,0.0
14485,drop,Dark Summoner,Eastern Plaguelands,,2.1,0,,0,0,0.0,0.0
14486,drop,Overmaster Pyron,Searing Gorge,,100.0,0,,0,0,0.0,0.0
14488,vendor,Darnall,Moonglade,,0.0,0,,1,493,51.5,33.3
14489,world_drop,,,,0.0,498,48-63,0,0,0.0,0.0
14490,drop,Thaurissan Firewalker,Burning Steppes,,1.96,0,,0,0,0.0,0.0
14491,world_drop,,,,0.0,520,48-63,0,0,0.0,0.0
14492,world_drop,,,,0.0,526,48-63,0,0,0.0,0.0
14493,drop,Cobalt Mageweaver,Winterspring,,2.0,0,,0,0,0.0,0.0
14494,world_drop,,,,0.0,523,48-63,0,0,0.0,0.0
14495,drop,Spectral Citizen,Stratholme,,2.13,0,,0,0,0.0,0.0
14496,world_drop,,,,0.0,506,48-63,0,0,0.0,0.0
14497,world_drop,,,,0.0,134,48-63,0,0,0.0,0.0
14498,world_drop,,,,0.0,515,48-63,0,0,0.0,0.0
14499,world_drop,,,,0.0,498,48-63,0,0,0.0,0.0
14500,drop,Dark Caster,Eastern Plaguelands,,2.26,0,,0,0,0.0,0.0
14501,world_drop,,,,0.0,114,51-63,0,0,0.0,0.0
14504,world_drop,,,,0.0,433,54-63,0,0,0.0,0.0
14505,drop,Dark Caster,Eastern Plaguelands,,2.12,0,,0,0,0.0,0.0
14506,world_drop,,,,0.0,449,54-63,0,0,0.0,0.0
14507,world_drop,,,,0.0,130,48-63,0,0,0.0,0.0
14508,world_drop,,,,0.0,450,54-63,0,0,0.0,0.0
14509,drop,Azuregos,Azshara,,1.32,0,,0,0,0.0,0.0
14509,drop,Onyxia,Onyxia's Lair,,1.32,0,,0,0,0.0,0.0
14509,drop,Vilebranch Speaker,Zul'Gurub,,0.15,0,,0,0,0.0,0.0
14509,more,,,,0.0,17,,0,0,0.0,0.0
14510,drop,Lord Kazzak,Blasted Lands,,0.15,0,,0,0,0.0,0.0
14510,drop,Dreamroarer,Feralas,,0.1,0,,0,0,0.0,0.0
14510,drop,Blackhand Iron Guard,Blackrock Spire,,0.02,0,,0,0,0.0,0.0
14510,more,,,,0.0,9,,0,0,0.0,0.0
14511,drop,Azuregos,Azshara,,1.32,0,,0,0,0.0,0.0
14511,drop,Onyxia,Onyxia's Lair,,1.32,0,,0,0,0.0,0.0
14511,drop,Lord Kazzak,Blasted Lands,,0.29,0,,0,0,0.0,0.0
14511,more,,,,0.0,12,,0,0,0.0,0.0
14512,drop,Grand Crusader Dathrohan,Stratholme,,6.0,0,,0,0,0.0,0.0
14513,drop,Firebrand Pyromancer,Blackrock Spire,,10.0,0,,0,0,0.0,0.0
14627,vendor,Danielle Zipstitch,Duskwood,alliance,0.0,0,,1,10,75.9,45.6
14630,vendor,Xizk Goodstitch,Stranglethorn Vale,,0.0,0,,1,33,28.7,76.9
14634,vendor,Bro'kin,Alterac Mountains,,0.0,0,,1,36,38.2,38.9
14635,vendor,Rikqiz,Stranglethorn Vale,,0.0,0,,1,33,28.5,76.0
14639,vendor,Fradd Swiftgear,Wetlands,alliance,0.0,0,,1,11,26.4,25.8
14639,vendor,Namdo Bizzfizzle,Dun Morogh,alliance,0.0,0,,1,1,21.9,31.9
15724,vendor,Zannok Hidepiercer,Un'Goro Crater,,0.0,0,,1,490,23.0,16.4
15725,vendor,Leonard Porter,Western Plaguelands,alliance,0.0,0,,1,28,43.1,84.3
15725,vendor,Werg Thickblade,Western Plaguelands,horde,0.0,0,,1,28,26.7,56.8
15726,vendor,Masat T'andr,Swamp of Sorrows,,0.0,0,,1,8,26.5,31.5
15727,drop,Portal Seeker,Blasted Lands,,10.77,0,,0,0,0.0,0.0
15728,drop,Legashi Rogue,Azshara,,3.86,0,,0,0,0.0,0.0
15729,vendor,Blimo Gadgetspring,Azshara,,0.0,0,,1,16,45.2,90.8
15730,drop,General Drakkisath,Blackrock Spire,,4.0,0,,0,0,0.0,0.0
15731,world_drop,,,,0.0,594,42-63,0,0,0.0,0.0
15732,drop,Firegut Brute,Burning Steppes,,3.9,0,,0,0,0.0,0.0
15733,drop,Murk Worm,Sunken Temple,,3.64,0,,0,0,0.0,0.0
15734,vendor,Jangdor Swiftstrider,Feralas,horde,0.0,0,,1,357,74.4,42.9
15734,vendor,Pratt McGrubben,Feralas,alliance,0.0,0,,1,357,30.6,42.7
15735,vendor,Gigget Zipcoil,The Hinterlands,,0.0,0,,1,47,34.5,38.6
15737,world_drop,,,,0.0,596,44-63,0,0,0.0,0.0
15738,drop,Blackrock Soldier,Burning Steppes,,3.74,0,,0,0,0.0,0.0
15739,drop,Jaedenar Cultist,Felwood,,4.2,0,,0,0,0.0,0.0
15740,vendor,Qia,Winterspring,,0.0,0,,1,618,61.2,37.2
15741,vendor,Leonard Porter,Western Plaguelands,alliance,0.0,0,,1,28,43.1,84.3
15741,vendor,Werg Thickblade,Western Plaguelands,horde,0.0,0,,1,28,26.7,56.8
15742,vendor,Meilosh,Winterspring,,0.0,0,,1,618,25.6,31.9
15742,drop,Mushgog,Feralas,,0.62,0,,0,0,0.0,0.0
15742,drop,Skarr the Unbreakable,Feralas,,0.62,0,,0,0,0.0,0.0
15742,drop,The Razza,Feralas,,0.62,0,,0,0,0.0,0.0
15742,more,,,,0.0,1,,0,0,0.0,0.0
15743,world_drop,,,,0.0,494,48-63,0,0,0.0,0.0
15744,drop,Jadefire Trickster,Darkshore,,1.94,0,,0,0,0.0,0.0
15745,world_drop,,,,0.0,493,48-63,0,0,0.0,0.0
15746,world_drop,,,,0.0,506,48-63,0,0,0.0,0.0
15747,drop,Winterfall Den Watcher,Winterspring,,3.84,0,,0,0,0.0,0.0
15748,drop,Blackrock Slayer,Burning Steppes,,3.84,0,,0,0,0.0,0.0
15749,drop,Firebrand Grunt,Blackrock Spire,,4.94,0,,0,0,0.0,0.0
15751,vendor,Blimo Gadgetspring,Azshara,,0.0,0,,1,16,45.2,90.8
15752,drop,Deadwood Shaman,Darkshore,,2.2,0,,0,0,0.0,0.0
15753,drop,Arkkoran Oracle,Azshara,,2.06,0,,0,0,0.0,0.0
15754,vendor,Meilosh,Winterspring,,0.0,0,,1,618,25.6,31.9
15754,container,Thorium Lockbox,,,12.0,0,,0,0,0.0,0.0
15755,world_drop,,,,0.0,501,48-63,0,0,0.0,0.0
15756,vendor,Jase Farlane,Eastern Plaguelands,,0.0,0,,1,139,70.9,48.1
15757,world_drop,,,,0.0,506,48-63,0,0,0.0,0.0
15758,vendor,Nergal,Un'Goro Crater,,0.0,0,,1,490,43.3,7.7
15759,vendor,Plugger Spazzring,Blackrock Depths,,0.0,0,,1,0,0.0,0.0
15760,drop,Vilebranch Hideskinner,The Hinterlands,,4.96,0,,0,0,0.0,0.0
15761,drop,Winterfall Totemic,Winterspring,,4.0,0,,0,0,0.0,0.0
15762,vendor,Zannok Hidepiercer,Un'Goro Crater,,0.0,0,,1,490,23.0,16.4
15763,drop,Cliff Breaker,Azshara,,12.18,0,,0,0,0.0,0.0
15764,drop,Son of Arkkoroc,Azshara,,5.09,0,,0,0,0.0,0.0
15765,world_drop,,,,0.0,436,52-63,0,0,0.0,0.0
15768,drop,Ghoul Ravener,Stratholme,,2.1,0,,0,0,0.0,0.0
15770,drop,Anvilrage Marshal,Blackrock Depths,,3.9,0,,0,0,0.0,0.0
15771,drop,Decaying Horror,Western Plaguelands,,1.16,0,,0,0,0.0,0.0
15772,drop,Glutinous Ooze,Un'Goro Crater,,1.08,0,,0,0,0.0,0.0
15772,drop,Primal Ooze,Un'Goro Crater,,1.02,0,,0,0,0.0,0.0
15772,drop,Muculent Ooze,Un'Goro Crater,,0.9,0,,0,0,0.0,0.0
15773,drop,Spectral Researcher,Scholomance,,7.2,0,,0,0,0.0,0.0
15774,drop,Blackrock Battlemaster,Burning Steppes,,0.97,0,,0,0,0.0,0.0
15775,drop,Firebrand Legionnaire,Blackrock Spire,,22.82,0,,0,0,0.0,0.0
15776,drop,Scholomance Dark Summoner,Scholomance,,3.72,0,,0,0,0.0,0.0
15777,drop,Crimson Battle Mage,Stratholme,,0.99,0,,0,0,0.0,0.0
15779,drop,Winterfall Ursa,Winterspring,,2.04,0,,0,0,0.0,0.0
15781,drop,Anvilrage Captain,Blackrock Depths,,3.78,0,,0,0,0.0,0.0
16041,vendor,Gearcutter Cogspinner,Ironforge,alliance,0.0,0,,1,1537,67.8,42.5
16041,vendor,Sovik,Orgrimmar,horde,0.0,0,,1,1637,75.5,25.4
16042,vendor,Gearcutter Cogspinner,Ironforge,alliance,0.0,0,,1,1537,67.8,42.5
16042,vendor,Sovik,Orgrimmar,horde,0.0,0,,1,1637,75.5,25.4
16043,world_drop,,,,0.0,579,44-63,0,0,0.0,0.0
16044,world_drop,,,,0.0,116,45-63,0,0,0.0,0.0
16045,drop,Spitelash Siren,Azshara,,0.8,0,,0,0,0.0,0.0
16046,vendor,Xizzer Fizzbolt,Winterspring,,0.0,0,,1,618,60.8,38.6
16047,vendor,Xizzer Fizzbolt,Winterspring,,0.0,0,,1,618,60.8,38.6
16048,drop,Doomforge Craftsman,Blackrock Depths,,1.8,0,,0,0,0.0,0.0
16049,drop,Weapon Technician,Blackrock Depths,,1.03,0,,0,0,0.0,0.0
16050,vendor,Xizzer Fizzbolt,Winterspring,,0.0,0,,1,618,60.8,38.6
16051,world_drop,,,,0.0,479,48-63,0,0,0.0,0.0
16052,drop,Crimson Inquisitor,Stratholme,,4.64,0,,0,0,0.0,0.0
16053,drop,Doomforge Arcanasmith,Blackrock Depths,,0.7,0,,0,0,0.0,0.0
16054,drop,Cobalt Mageweaver,Winterspring,,0.78,0,,0,0,0.0,0.0
16055,world_drop,,,,0.0,123,48-63,0,0,0.0,0.0
16056,drop,Mossflayer Shadowhunter,Eastern Plaguelands,,1.0,0,,0,0,0.0,0.0
16072,vendor,Shandrina,Ashenvale,alliance,0.0,0,,0,331,49.5,67.1
16072,vendor,Wulan,Desolace,horde,0.0,0,,0,405,26.2,69.6
16083,vendor,Old Man Heming,Stranglethorn Vale,,0.0,0,,0,33,27.4,77.2
16084,vendor,Balai Lok'Wein,Dustwallow Marsh,horde,0.0,0,,0,15,36.5,30.4
16084,vendor,Deneb Walker,Arathi Highlands,alliance,0.0,0,,0,45,27.0,58.8
16110,vendor,Bale,Felwood,horde,0.0,0,,0,361,34.8,53.2
16110,vendor,Himmik,Winterspring,,0.0,0,,0,618,61.3,39.2
16110,vendor,Malygen,Felwood,alliance,0.0,0,,0,361,62.3,25.6
16111,vendor,Banalash,Swamp of Sorrows,horde,0.0,0,,0,8,44.8,56.6
16111,vendor,Kriggon Talsone,Westfall,alliance,0.0,0,,0,40,36.2,90.2
16111,vendor,Uthok,Stranglethorn Vale,horde,0.0,0,,0,33,31.6,28.0
16112,vendor,Balai Lok'Wein,Dustwallow Marsh,horde,0.0,0,,0,15,36.5,30.4
16112,vendor,Deneb Walker,Arathi Highlands,alliance,0.0,0,,0,45,27.0,58.8
16113,vendor,Balai Lok'Wein,Dustwallow Marsh,horde,0.0,0,,0,15,36.5,30.4
16113,vendor,Deneb Walker,Arathi Highlands,alliance,0.0,0,,0,45,27.0,58.8
16214,drop,Vilebranch Shadowcaster,The Hinterlands,,1.96,0,,0,0,0.0,0.0
16215,world_drop,,,,0.0,575,44-63,0,0,0.0,0.0
16216,drop,Atal'ai Witch Doctor,Sunken Temple,,1.48,0,,0,0,0.0,0.0
16217,vendor,Daniel Bartlett,Undercity,horde,0.0,0,,1,1497,64.0,37.4
16217,vendor,Mythrin'dir,Darnassus,alliance,0.0,0,,1,1657,61.0,17.7
16218,world_drop,,,,0.0,583,45-63,0,0,0.0,0.0
16219,drop,Legashi Rogue,Azshara,,0.9,0,,0,0,0.0,0.0
16220,world_drop,,,,0.0,596,44-63,0,0,0.0,0.0
16221,vendor,Qia,Winterspring,,0.0,0,,1,618,61.2,37.2
16222,drop,Scarlet Warder,Eastern Plaguelands,,0.44,0,,0,0,0.0,0.0
16223,drop,Anguished Highborne,Winterspring,,0.92,0,,0,0,0.0,0.0
16224,vendor,Lorelae Wintersong,Moonglade,,0.0,0,,1,493,48.2,40.1
16242,drop,Scarlet Enchanter,Eastern Plaguelands,,1.02,0,,0,0,0.0,0.0
16243,vendor,Lorelae Wintersong,Moonglade,,0.0,0,,1,493,48.2,40.1
16244,drop,Spirestone Mystic,Blackrock Spire,,10.14,0,,0,0,0.0,0.0
16245,world_drop,,,,0.0,472,48-63,0,0,0.0,0.0
16246,drop,Deadwind Warlock,Blasted Lands,,0.9,0,,0,0,0.0,0.0
16247,drop,Blackhand Elite,Blackrock Spire,,3.48,0,,0,0,0.0,0.0
16248,drop,Thuzadin Shadowcaster,Stratholme,,0.88,0,,0,0,0.0,0.0
16249,drop,Crimson Sorcerer,Stratholme,,2.26,0,,0,0,0.0,0.0
16250,drop,Spirestone Warlord,Blackrock Spire,,2.74,0,,0,0,0.0,0.0
16251,world_drop,,,,0.0,445,54-63,0,0,0.0,0.0
16252,drop,Scarlet Spellbinder,Western Plaguelands,,0.18,0,,0,0,0.0,0.0
16253,world_drop,,,,0.0,21,59-63,0,0,0.0,0.0
16254,drop,Spectral Researcher,Scholomance,,0.88,0,,0,0,0.0,0.0
16255,drop,Scholomance Adept,Scholomance,,2.24,0,,0,0,0.0,0.0
16302,vendor,Cylina Darkheart,Elwynn Forest,alliance,0.0,0,,0,12,44.4,66.0
16302,vendor,Dane Winslow,Elwynn Forest,alliance,0.0,0,,0,12,50.1,42.7
16302,vendor,Dannie Fizzwizzle,Dun Morogh,alliance,0.0,0,,0,1,47.3,53.7
16302,vendor,Gina Lang,Tirisfal Glades,horde,0.0,0,,0,85,61.6,52.6
16302,vendor,Greshka,Swamp of Sorrows,horde,0.0,0,,0,8,48.6,55.3
16302,vendor,Hraug,Durotar,horde,0.0,0,,0,14,40.6,68.4
16302,vendor,Jubahl Corpseseeker,Ironforge,alliance,0.0,0,,0,1537,52.7,6.1
16302,vendor,Kayla Smithe,Tirisfal Glades,horde,0.0,0,,0,85,30.8,66.4
16302,vendor,Kitha,Durotar,horde,0.0,0,,0,14,54.7,41.5
16302,vendor,Kurgul,Orgrimmar,horde,0.0,0,,0,1637,47.5,46.7
16302,vendor,Martha Strain,Undercity,horde,0.0,0,,0,1497,85.7,16.1
16302,vendor,Spackle Thornberry,Stormwind City,alliance,0.0,0,,0,1519,39.5,84.5
16302,vendor,Wren Darkspring,Dun Morogh,alliance,0.0,0,,0,1,28.8,66.2
16316,vendor,Cylina Darkheart,Elwynn Forest,alliance,0.0,0,,0,12,44.4,66.0
16316,vendor,Dane Winslow,Elwynn Forest,alliance,0.0,0,,0,12,50.1,42.7
16316,vendor,Dannie Fizzwizzle,Dun Morogh,alliance,0.0,0,,0,1,47.3,53.7
16316,vendor,Gina Lang,Tirisfal Glades,horde,0.0,0,,0,85,61.6,52.6
16316,vendor,Greshka,Swamp of Sorrows,horde,0.0,0,,0,8,48.6,55.3
16316,vendor,Hraug,Durotar,horde,0.0,0,,0,14,40.6,68.4
16316,vendor,Jubahl Corpseseeker,Ironforge,alliance,0.0,0,,0,1537,52.7,6.1
16316,vendor,Kayla Smithe,Tirisfal Glades,horde,0.0,0,,0,85,30.8,66.4
16316,vendor,Kitha,Durotar,horde,0.0,0,,0,14,54.7,41.5
16316,vendor,Kurgul,Orgrimmar,horde,0.0,0,,0,1637,47.5,46.7
16316,vendor,Martha Strain,Undercity,horde,0.0,0,,0,1497,85.7,16.1
16316,vendor,Spackle Thornberry,Stormwind City,alliance,0.0,0,,0,1519,39.5,84.5
16316,vendor,Wren Darkspring,Dun Morogh,alliance,0.0,0,,0,1,28.8,66.2
16317,vendor,Cylina Darkheart,Elwynn Forest,alliance,0.0,0,,0,12,44.4,66.0
16317,vendor,Dane Winslow,Elwynn Forest,alliance,0.0,0,,0,12,50.1,42.7
16317,vendor,Dannie Fizzwizzle,Dun Morogh,alliance,0.0,0,,0,1,47.3,53.7
16317,vendor,Gina Lang,Tirisfal Glades,horde,0.0,0,,0,85,61.6,52.6
16317,vendor,Greshka,Swamp of Sorrows,horde,0.0,0,,0,8,48.6,55.3
16317,vendor,Hraug,Durotar,horde,0.0,0,,0,14,40.6,68.4
16317,vendor,Jubahl Corpseseeker,Ironforge,alliance,0.0,0,,0,1537,52.7,6.1
16317,vendor,Kayla Smithe,Tirisfal Glades,horde,0.0,0,,0,85,30.8,66.4
16317,vendor,Kitha,Durotar,horde,0.0,0,,0,14,54.7,41.5
16317,vendor,Kurgul,Orgrimmar,horde,0.0,0,,0,1637,47.5,46.7
16317,vendor,Martha Strain,Undercity,horde,0.0,0,,0,1497,85.7,16.1
16317,vendor,Spackle Thornberry,Stormwind City,alliance,0.0,0,,0,1519,39.5,84.5
16317,vendor,Wren Darkspring,Dun Morogh,alliance,0.0,0,,0,1,28.8,66.2
16318,vendor,Cylina Darkheart,Elwynn Forest,alliance,0.0,0,,0,12,44.4,66.0
16318,vendor,Dane Winslow,Elwynn Forest,alliance,0.0,0,,0,12,50.1,42.7
16318,vendor,Dannie Fizzwizzle,Dun Morogh,alliance,0.0,0,,0,1,47.3,53.7
16318,vendor,Gina Lang,Tirisfal Glades,horde,0.0,0,,0,85,61.6,52.6
16318,vendor,Greshka,Swamp of Sorrows,horde,0.0,0,,0,8,48.6,55.3
16318,vendor,Hraug,Durotar,horde,0.0,0,,0,14,40.6,68.4
16318,vendor,Jubahl Corpseseeker,Ironforge,alliance,0.0,0,,0,1537,52.7,6.1
16318,vendor,Kayla Smithe,Tirisfal Glades,horde,0.0,0,,0,85,30.8,66.4
16318,vendor,Kitha,Durotar,horde,0.0,0,,0,14,54.7,41.5
16318,vendor,Kurgul,Orgrimmar,horde,0.0,0,,0,1637,47.5,46.7
16318,vendor,Martha Strain,Undercity,horde,0.0,0,,0,1497,85.7,16.1
16318,vendor,Spackle Thornberry,Stormwind City,alliance,0.0,0,,0,1519,39.5,84.5
16318,vendor,Wren Darkspring,Dun Morogh,alliance,0.0,0,,0,1,28.8,66.2
16319,vendor,Cylina Darkheart,Elwynn Forest,alliance,0.0,0,,0,12,44.4,66.0
16319,vendor,Dane Winslow,Elwynn Forest,alliance,0.0,0,,0,12,50.1,42.7
16319,vendor,Dannie Fizzwizzle,Dun Morogh,alliance,0.0,0,,0,1,47.3,53.7
16319,vendor,Gina Lang,Tirisfal Glades,horde,0.0,0,,0,85,61.6,52.6
16319,vendor,Greshka,Swamp of Sorrows,horde,0.0,0,,0,8,48.6,55.3
16319,vendor,Hraug,Durotar,horde,0.0,0,,0,14,40.6,68.4
16319,vendor,Jubahl Corpseseeker,Ironforge,alliance,0.0,0,,0,1537,52.7,6.1
16319,vendor,Kayla Smithe,Tirisfal Glades,horde,0.0,0,,0,85,30.8,66.4
16319,vendor,Kitha,Durotar,horde,0.0,0,,0,14,54.7,41.5
16319,vendor,Kurgul,Orgrimmar,horde,0.0,0,,0,1637,47.5,46.7
16319,vendor,Martha Strain,Undercity,horde,0.0,0,,0,1497,85.7,16.1
16319,vendor,Spackle Thornberry,Stormwind City,alliance,0.0,0,,0,1519,39.5,84.5
16319,vendor,Wren Darkspring,Dun Morogh,alliance,0.0,0,,0,1,28.8,66.2
16320,vendor,Cylina Darkheart,Elwynn Forest,alliance,0.0,0,,0,12,44.4,66.0
16320,vendor,Dane Winslow,Elwynn Forest,alliance,0.0,0,,0,12,50.1,42.7
16320,vendor,Dannie Fizzwizzle,Dun Morogh,alliance,0.0,0,,0,1,47.3,53.7
16320,vendor,Gina Lang,Tirisfal Glades,horde,0.0,0,,0,85,61.6,52.6
16320,vendor,Greshka,Swamp of Sorrows,horde,0.0,0,,0,8,48.6,55.3
16320,vendor,Hraug,Durotar,horde,0.0,0,,0,14,40.6,68.4
16320,vendor,Jubahl Corpseseeker,Ironforge,alliance,0.0,0,,0,1537,52.7,6.1
16320,vendor,Kayla Smithe,Tirisfal Glades,horde,0.0,0,,0,85,30.8,66.4
16320,vendor,Kitha,Durotar,horde,0.0,0,,0,14,54.7,41.5
16320,vendor,Kurgul,Orgrimmar,horde,0.0,0,,0,1637,47.5,46.7
16320,vendor,Martha Strain,Undercity,horde,0.0,0,,0,1497,85.7,16.1
16320,vendor,Spackle Thornberry,Stormwind City,alliance,0.0,0,,0,1519,39.5,84.5
16320,vendor,Wren Darkspring,Dun Morogh,alliance,0.0,0,,0,1,28.8,66.2
16321,vendor,Cylina Darkheart,Elwynn Forest,alliance,0.0,0,,0,12,44.4,66.0
16321,vendor,Dane Winslow,Elwynn Forest,alliance,0.0,0,,0,12,50.1,42.7
16321,vendor,Dannie Fizzwizzle,Dun Morogh,alliance,0.0,0,,0,1,47.3,53.7
16321,vendor,Gina Lang,Tirisfal Glades,horde,0.0,0,,0,85,61.6,52.6
16321,vendor,Greshka,Swamp of Sorrows,horde,0.0,0,,0,8,48.6,55.3
16321,vendor,Hraug,Durotar,horde,0.0,0,,0,14,40.6,68.4
16321,vendor,Jubahl Corpseseeker,Ironforge,alliance,0.0,0,,0,1537,52.7,6.1
16321,vendor,Kayla Smithe,Tirisfal Glades,horde,0.0,0,,0,85,30.8,66.4
16321,vendor,Kitha,Durotar,horde,0.0,0,,0,14,54.7,41.5
16321,vendor,Kurgul,Orgrimmar,horde,0.0,0,,0,1637,47.5,46.7
16321,vendor,Martha Strain,Undercity,horde,0.0,0,,0,1497,85.7,16.1
16321,vendor,Spackle Thornberry,Stormwind City,alliance,0.0,0,,0,1519,39.5,84.5
16321,vendor,Wren Darkspring,Dun Morogh,alliance,0.0,0,,0,1,28.8,66.2
16322,vendor,Cylina Darkheart,Elwynn Forest,alliance,0.0,0,,0,12,44.4,66.0
16322,vendor,Dane Winslow,Elwynn Forest,alliance,0.0,0,,0,12,50.1,42.7
16322,vendor,Dannie Fizzwizzle,Dun Morogh,alliance,0.0,0,,0,1,47.3,53.7
16322,vendor,Gina Lang,Tirisfal Glades,horde,0.0,0,,0,85,61.6,52.6
16322,vendor,Greshka,Swamp of Sorrows,horde,0.0,0,,0,8,48.6,55.3
16322,vendor,Hraug,Durotar,horde,0.0,0,,0,14,40.6,68.4
16322,vendor,Jubahl Corpseseeker,Ironforge,alliance,0.0,0,,0,1537,52.7,6.1
16322,vendor,Kayla Smithe,Tirisfal Glades,horde,0.0,0,,0,85,30.8,66.4
16322,vendor,Kitha,Durotar,horde,0.0,0,,0,14,54.7,41.5
16322,vendor,Kurgul,Orgrimmar,horde,0.0,0,,0,1637,47.5,46.7
16322,vendor,Martha Strain,Undercity,horde,0.0,0,,0,1497,85.7,16.1
16322,vendor,Spackle Thornberry,Stormwind City,alliance,0.0,0,,0,1519,39.5,84.5
16322,vendor,Wren Darkspring,Dun Morogh,alliance,0.0,0,,0,1,28.8,66.2
16323,vendor,Cylina Darkheart,Elwynn Forest,alliance,0.0,0,,0,12,44.4,66.0
16323,vendor,Dane Winslow,Elwynn Forest,alliance,0.0,0,,0,12,50.1,42.7
16323,vendor,Dannie Fizzwizzle,Dun Morogh,alliance,0.0,0,,0,1,47.3,53.7
16323,vendor,Gina Lang,Tirisfal Glades,horde,0.0,0,,0,85,61.6,52.6
16323,vendor,Greshka,Swamp of Sorrows,horde,0.0,0,,0,8,48.6,55.3
16323,vendor,Hraug,Durotar,horde,0.0,0,,0,14,40.6,68.4
16323,vendor,Jubahl Corpseseeker,Ironforge,alliance,0.0,0,,0,1537,52.7,6.1
16323,vendor,Kayla Smithe,Tirisfal Glades,horde,0.0,0,,0,85,30.8,66.4
16323,vendor,Kitha,Durotar,horde,0.0,0,,0,14,54.7,41.5
16323,vendor,Kurgul,Orgrimmar,horde,0.0,0,,0,1637,47.5,46.7
16323,vendor,Martha Strain,Undercity,horde,0.0,0,,0,1497,85.7,16.1
16323,vendor,Spackle Thornberry,Stormwind City,alliance,0.0,0,,0,1519,39.5,84.5
16323,vendor,Wren Darkspring,Dun Morogh,alliance,0.0,0,,0,1,28.8,66.2
16324,vendor,Cylina Darkheart,Elwynn Forest,alliance,0.0,0,,0,12,44.4,66.0
16324,vendor,Dane Winslow,Elwynn Forest,alliance,0.0,0,,0,12,50.1,42.7
16324,vendor,Dannie Fizzwizzle,Dun Morogh,alliance,0.0,0,,0,1,47.3,53.7
16324,vendor,Gina Lang,Tirisfal Glades,horde,0.0,0,,0,85,61.6,52.6
16324,vendor,Greshka,Swamp of Sorrows,horde,0.0,0,,0,8,48.6,55.3
16324,vendor,Hraug,Durotar,horde,0.0,0,,0,14,40.6,68.4
16324,vendor,Jubahl Corpseseeker,Ironforge,alliance,0.0,0,,0,1537,52.7,6.1
16324,vendor,Kayla Smithe,Tirisfal Glades,horde,0.0,0,,0,85,30.8,66.4
16324,vendor,Kitha,Durotar,horde,0.0,0,,0,14,54.7,41.5
16324,vendor,Kurgul,Orgrimmar,horde,0.0,0,,0,1637,47.5,46.7
16324,vendor,Martha Strain,Undercity,horde,0.0,0,,0,1497,85.7,16.1
16324,vendor,Spackle Thornberry,Stormwind City,alliance,0.0,0,,0,1519,39.5,84.5
16324,vendor,Wren Darkspring,Dun Morogh,alliance,0.0,0,,0,1,28.8,66.2
16325,vendor,Cylina Darkheart,Elwynn Forest,alliance,0.0,0,,0,12,44.4,66.0
16325,vendor,Dane Winslow,Elwynn Forest,alliance,0.0,0,,0,12,50.1,42.7
16325,vendor,Dannie Fizzwizzle,Dun Morogh,alliance,0.0,0,,0,1,47.3,53.7
16325,vendor,Gina Lang,Tirisfal Glades,horde,0.0,0,,0,85,61.6,52.6
16325,vendor,Greshka,Swamp of Sorrows,horde,0.0,0,,0,8,48.6,55.3
16325,vendor,Hraug,Durotar,horde,0.0,0,,0,14,40.6,68.4
16325,vendor,Jubahl Corpseseeker,Ironforge,alliance,0.0,0,,0,1537,52.7,6.1
16325,vendor,Kayla Smithe,Tirisfal Glades,horde,0.0,0,,0,85,30.8,66.4
16325,vendor,Kitha,Durotar,horde,0.0,0,,0,14,54.7,41.5
16325,vendor,Kurgul,Orgrimmar,horde,0.0,0,,0,1637,47.5,46.7
16325,vendor,Martha Strain,Undercity,horde,0.0,0,,0,1497,85.7,16.1
16325,vendor,Spackle Thornberry,Stormwind City,alliance,0.0,0,,0,1519,39.5,84.5
16325,vendor,Wren Darkspring,Dun Morogh,alliance,0.0,0,,0,1,28.8,66.2
16326,vendor,Cylina Darkheart,Elwynn Forest,alliance,0.0,0,,0,12,44.4,66.0
16326,vendor,Dane Winslow,Elwynn Forest,alliance,0.0,0,,0,12,50.1,42.7
16326,vendor,Dannie Fizzwizzle,Dun Morogh,alliance,0.0,0,,0,1,47.3,53.7
16326,vendor,Gina Lang,Tirisfal Glades,horde,0.0,0,,0,85,61.6,52.6
16326,vendor,Greshka,Swamp of Sorrows,horde,0.0,0,,0,8,48.6,55.3
16326,vendor,Hraug,Durotar,horde,0.0,0,,0,14,40.6,68.4
16326,vendor,Jubahl Corpseseeker,Ironforge,alliance,0.0,0,,0,1537,52.7,6.1
16326,vendor,Kayla Smithe,Tirisfal Glades,horde,0.0,0,,0,85,30.8,66.4
16326,vendor,Kitha,Durotar,horde,0.0,0,,0,14,54.7,41.5
16326,vendor,Kurgul,Orgrimmar,horde,0.0,0,,0,1637,47.5,46.7
16326,vendor,Martha Strain,Undercity,horde,0.0,0,,0,1497,85.7,16.1
16326,vendor,Spackle Thornberry,Stormwind City,alliance,0.0,0,,0,1519,39.5,84.5
16326,vendor,Wren Darkspring,Dun Morogh,alliance,0.0,0,,0,1,28.8,66.2
16327,vendor,Cylina Darkheart,Elwynn Forest,alliance,0.0,0,,0,12,44.4,66.0
16327,vendor,Dane Winslow,Elwynn Forest,alliance,0.0,0,,0,12,50.1,42.7
16327,vendor,Dannie Fizzwizzle,Dun Morogh,alliance,0.0,0,,0,1,47.3,53.7
16327,vendor,Gina Lang,Tirisfal Glades,horde,0.0,0,,0,85,61.6,52.6
16327,vendor,Greshka,Swamp of Sorrows,horde,0.0,0,,0,8,48.6,55.3
16327,vendor,Hraug,Durotar,horde,0.0,0,,0,14,40.6,68.4
16327,vendor,Jubahl Corpseseeker,Ironforge,alliance,0.0,0,,0,1537,52.7,6.1
16327,vendor,Kayla Smithe,Tirisfal Glades,horde,0.0,0,,0,85,30.8,66.4
16327,vendor,Kitha,Durotar,horde,0.0,0,,0,14,54.7,41.5
16327,vendor,Kurgul,Orgrimmar,horde,0.0,0,,0,1637,47.5,46.7
16327,vendor,Martha Strain,Undercity,horde,0.0,0,,0,1497,85.7,16.1
16327,vendor,Spackle Thornberry,Stormwind City,alliance,0.0,0,,0,1519,39.5,84.5
16327,vendor,Wren Darkspring,Dun Morogh,alliance,0.0,0,,0,1,28.8,66.2
16328,vendor,Cylina Darkheart,Elwynn Forest,alliance,0.0,0,,0,12,44.4,66.0
16328,vendor,Dane Winslow,Elwynn Forest,alliance,0.0,0,,0,12,50.1,42.7
16328,vendor,Dannie Fizzwizzle,Dun Morogh,alliance,0.0,0,,0,1,47.3,53.7
16328,vendor,Gina Lang,Tirisfal Glades,horde,0.0,0,,0,85,61.6,52.6
16328,vendor,Greshka,Swamp of Sorrows,horde,0.0,0,,0,8,48.6,55.3
16328,vendor,Hraug,Durotar,horde,0.0,0,,0,14,40.6,68.4
16328,vendor,Jubahl Corpseseeker,Ironforge,alliance,0.0,0,,0,1537,52.7,6.1
16328,vendor,Kayla Smithe,Tirisfal Glades,horde,0.0,0,,0,85,30.8,66.4
16328,vendor,Kitha,Durotar,horde,0.0,0,,0,14,54.7,41.5
16328,vendor,Kurgul,Orgrimmar,horde,0.0,0,,0,1637,47.5,46.7
16328,vendor,Martha Strain,Undercity,horde,0.0,0,,0,1497,85.7,16.1
16328,vendor,Spackle Thornberry,Stormwind City,alliance,0.0,0,,0,1519,39.5,84.5
16328,vendor,Wren Darkspring,Dun Morogh,alliance,0.0,0,,0,1,28.8,66.2
16329,vendor,Cylina Darkheart,Elwynn Forest,alliance,0.0,0,,0,12,44.4,66.0
16329,vendor,Dane Winslow,Elwynn Forest,alliance,0.0,0,,0,12,50.1,42.7
16329,vendor,Dannie Fizzwizzle,Dun Morogh,alliance,0.0,0,,0,1,47.3,53.7
16329,vendor,Gina Lang,Tirisfal Glades,horde,0.0,0,,0,85,61.6,52.6
16329,vendor,Greshka,Swamp of Sorrows,horde,0.0,0,,0,8,48.6,55.3
16329,vendor,Hraug,Durotar,horde,0.0,0,,0,14,40.6,68.4
16329,vendor,Jubahl Corpseseeker,Ironforge,alliance,0.0,0,,0,1537,52.7,6.1
16329,vendor,Kayla Smithe,Tirisfal Glades,horde,0.0,0,,0,85,30.8,66.4
16329,vendor,Kitha,Durotar,horde,0.0,0,,0,14,54.7,41.5
16329,vendor,Kurgul,Orgrimmar,horde,0.0,0,,0,1637,47.5,46.7
16329,vendor,Martha Strain,Undercity,horde,0.0,0,,0,1497,85.7,16.1
16329,vendor,Spackle Thornberry,Stormwind City,alliance,0.0,0,,0,1519,39.5,84.5
16329,vendor,Wren Darkspring,Dun Morogh,alliance,0.0,0,,0,1,28.8,66.2
16330,vendor,Cylina Darkheart,Elwynn Forest,alliance,0.0,0,,0,12,44.4,66.0
16330,vendor,Dane Winslow,Elwynn Forest,alliance,0.0,0,,0,12,50.1,42.7
16330,vendor,Dannie Fizzwizzle,Dun Morogh,alliance,0.0,0,,0,1,47.3,53.7
16330,vendor,Gina Lang,Tirisfal Glades,horde,0.0,0,,0,85,61.6,52.6
16330,vendor,Greshka,Swamp of Sorrows,horde,0.0,0,,0,8,48.6,55.3
16330,vendor,Hraug,Durotar,horde,0.0,0,,0,14,40.6,68.4
16330,vendor,Jubahl Corpseseeker,Ironforge,alliance,0.0,0,,0,1537,52.7,6.1
16330,vendor,Kayla Smithe,Tirisfal Glades,horde,0.0,0,,0,85,30.8,66.4
16330,vendor,Kitha,Durotar,horde,0.0,0,,0,14,54.7,41.5
16330,vendor,Kurgul,Orgrimmar,horde,0.0,0,,0,1637,47.5,46.7
16330,vendor,Martha Strain,Undercity,horde,0.0,0,,0,1497,85.7,16.1
16330,vendor,Spackle Thornberry,Stormwind City,alliance,0.0,0,,0,1519,39.5,84.5
16330,vendor,Wren Darkspring,Dun Morogh,alliance,0.0,0,,0,1,28.8,66.2
16331,vendor,Cylina Darkheart,Elwynn Forest,alliance,0.0,0,,0,12,44.4,66.0
16331,vendor,Dane Winslow,Elwynn Forest,alliance,0.0,0,,0,12,50.1,42.7
16331,vendor,Dannie Fizzwizzle,Dun Morogh,alliance,0.0,0,,0,1,47.3,53.7
16331,vendor,Gina Lang,Tirisfal Glades,horde,0.0,0,,0,85,61.6,52.6
16331,vendor,Greshka,Swamp of Sorrows,horde,0.0,0,,0,8,48.6,55.3
16331,vendor,Hraug,Durotar,horde,0.0,0,,0,14,40.6,68.4
16331,vendor,Jubahl Corpseseeker,Ironforge,alliance,0.0,0,,0,1537,52.7,6.1
16331,vendor,Kayla Smithe,Tirisfal Glades,horde,0.0,0,,0,85,30.8,66.4
16331,vendor,Kitha,Durotar,horde,0.0,0,,0,14,54.7,41.5
16331,vendor,Kurgul,Orgrimmar,horde,0.0,0,,0,1637,47.5,46.7
16331,vendor,Martha Strain,Undercity,horde,0.0,0,,0,1497,85.7,16.1
16331,vendor,Spackle Thornberry,Stormwind City,alliance,0.0,0,,0,1519,39.5,84.5
16331,vendor,Wren Darkspring,Dun Morogh,alliance,0.0,0,,0,1,28.8,66.2
16346,vendor,Cylina Darkheart,Elwynn Forest,alliance,0.0,0,,0,12,44.4,66.0
16346,vendor,Dannie Fizzwizzle,Dun Morogh,alliance,0.0,0,,0,1,47.3,53.7
16346,vendor,Gina Lang,Tirisfal Glades,horde,0.0,0,,0,85,61.6,52.6
16346,vendor,Greshka,Swamp of Sorrows,horde,0.0,0,,0,8,48.6,55.3
16346,vendor,Jubahl Corpseseeker,Ironforge,alliance,0.0,0,,0,1537,52.7,6.1
16346,vendor,Kitha,Durotar,horde,0.0,0,,0,14,54.7,41.5
16346,vendor,Kurgul,Orgrimmar,horde,0.0,0,,0,1637,47.5,46.7
16346,vendor,Martha Strain,Undercity,horde,0.0,0,,0,1497,85.7,16.1
16346,vendor,Spackle Thornberry,Stormwind City,alliance,0.0,0,,0,1519,39.5,84.5
16347,vendor,Cylina Darkheart,Elwynn Forest,alliance,0.0,0,,0,12,44.4,66.0
16347,vendor,Dannie Fizzwizzle,Dun Morogh,alliance,0.0,0,,0,1,47.3,53.7
16347,vendor,Gina Lang,Tirisfal Glades,horde,0.0,0,,0,85,61.6,52.6
16347,vendor,Greshka,Swamp of Sorrows,horde,0.0,0,,0,8,48.6,55.3
16347,vendor,Jubahl Corpseseeker,Ironforge,alliance,0.0,0,,0,1537,52.7,6.1
16347,vendor,Kitha,Durotar,horde,0.0,0,,0,14,54.7,41.5
16347,vendor,Kurgul,Orgrimmar,horde,0.0,0,,0,1637,47.5,46.7
16347,vendor,Martha Strain,Undercity,horde,0.0,0,,0,1497,85.7,16.1
16347,vendor,Spackle Thornberry,Stormwind City,alliance,0.0,0,,0,1519,39.5,84.5
16348,vendor,Cylina Darkheart,Elwynn Forest,alliance,0.0,0,,0,12,44.4,66.0
16348,vendor,Dannie Fizzwizzle,Dun Morogh,alliance,0.0,0,,0,1,47.3,53.7
16348,vendor,Gina Lang,Tirisfal Glades,horde,0.0,0,,0,85,61.6,52.6
16348,vendor,Greshka,Swamp of Sorrows,horde,0.0,0,,0,8,48.6,55.3
16348,vendor,Jubahl Corpseseeker,Ironforge,alliance,0.0,0,,0,1537,52.7,6.1
16348,vendor,Kitha,Durotar,horde,0.0,0,,0,14,54.7,41.5
16348,vendor,Kurgul,Orgrimmar,horde,0.0,0,,0,1637,47.5,46.7
16348,vendor,Martha Strain,Undercity,horde,0.0,0,,0,1497,85.7,16.1
16348,vendor,Spackle Thornberry,Stormwind City,alliance,0.0,0,,0,1519,39.5,84.5
16349,vendor,Cylina Darkheart,Elwynn Forest,alliance,0.0,0,,0,12,44.4,66.0
16349,vendor,Dannie Fizzwizzle,Dun Morogh,alliance,0.0,0,,0,1,47.3,53.7
16349,vendor,Gina Lang,Tirisfal Glades,horde,0.0,0,,0,85,61.6,52.6
16349,vendor,Greshka,Swamp of Sorrows,horde,0.0,0,,0,8,48.6,55.3
16349,vendor,Jubahl Corpseseeker,Ironforge,alliance,0.0,0,,0,1537,52.7,6.1
16349,vendor,Kitha,Durotar,horde,0.0,0,,0,14,54.7,41.5
16349,vendor,Kurgul,Orgrimmar,horde,0.0,0,,0,1637,47.5,46.7
16349,vendor,Martha Strain,Undercity,horde,0.0,0,,0,1497,85.7,16.1
16349,vendor,Spackle Thornberry,Stormwind City,alliance,0.0,0,,0,1519,39.5,84.5
16350,vendor,Cylina Darkheart,Elwynn Forest,alliance,0.0,0,,0,12,44.4,66.0
16350,vendor,Dannie Fizzwizzle,Dun Morogh,alliance,0.0,0,,0,1,47.3,53.7
16350,vendor,Gina Lang,Tirisfal Glades,horde,0.0,0,,0,85,61.6,52.6
16350,vendor,Greshka,Swamp of Sorrows,horde,0.0,0,,0,8,48.6,55.3
16350,vendor,Jubahl Corpseseeker,Ironforge,alliance,0.0,0,,0,1537,52.7,6.1
16350,vendor,Kitha,Durotar,horde,0.0,0,,0,14,54.7,41.5
16350,vendor,Kurgul,Orgrimmar,horde,0.0,0,,0,1637,47.5,46.7
16350,vendor,Martha Strain,Undercity,horde,0.0,0,,0,1497,85.7,16.1
16350,vendor,Spackle Thornberry,Stormwind City,alliance,0.0,0,,0,1519,39.5,84.5
16351,vendor,Cylina Darkheart,Elwynn Forest,alliance,0.0,0,,0,12,44.4,66.0
16351,vendor,Dannie Fizzwizzle,Dun Morogh,alliance,0.0,0,,0,1,47.3,53.7
16351,vendor,Gina Lang,Tirisfal Glades,horde,0.0,0,,0,85,61.6,52.6
16351,vendor,Greshka,Swamp of Sorrows,horde,0.0,0,,0,8,48.6,55.3
16351,vendor,Jubahl Corpseseeker,Ironforge,alliance,0.0,0,,0,1537,52.7,6.1
16351,vendor,Kitha,Durotar,horde,0.0,0,,0,14,54.7,41.5
16351,vendor,Kurgul,Orgrimmar,horde,0.0,0,,0,1637,47.5,46.7
16351,vendor,Martha Strain,Undercity,horde,0.0,0,,0,1497,85.7,16.1
16351,vendor,Spackle Thornberry,Stormwind City,alliance,0.0,0,,0,1519,39.5,84.5
16352,vendor,Cylina Darkheart,Elwynn Forest,alliance,0.0,0,,0,12,44.4,66.0
16352,vendor,Dannie Fizzwizzle,Dun Morogh,alliance,0.0,0,,0,1,47.3,53.7
16352,vendor,Gina Lang,Tirisfal Glades,horde,0.0,0,,0,85,61.6,52.6
16352,vendor,Greshka,Swamp of Sorrows,horde,0.0,0,,0,8,48.6,55.3
16352,vendor,Jubahl Corpseseeker,Ironforge,alliance,0.0,0,,0,1537,52.7,6.1
16352,vendor,Kitha,Durotar,horde,0.0,0,,0,14,54.7,41.5
16352,vendor,Kurgul,Orgrimmar,horde,0.0,0,,0,1637,47.5,46.7
16352,vendor,Martha Strain,Undercity,horde,0.0,0,,0,1497,85.7,16.1
16352,vendor,Spackle Thornberry,Stormwind City,alliance,0.0,0,,0,1519,39.5,84.5
16353,vendor,Cylina Darkheart,Elwynn Forest,alliance,0.0,0,,0,12,44.4,66.0
16353,vendor,Dannie Fizzwizzle,Dun Morogh,alliance,0.0,0,,0,1,47.3,53.7
16353,vendor,Gina Lang,Tirisfal Glades,horde,0.0,0,,0,85,61.6,52.6
16353,vendor,Greshka,Swamp of Sorrows,horde,0.0,0,,0,8,48.6,55.3
16353,vendor,Jubahl Corpseseeker,Ironforge,alliance,0.0,0,,0,1537,52.7,6.1
16353,vendor,Kitha,Durotar,horde,0.0,0,,0,14,54.7,41.5
16353,vendor,Kurgul,Orgrimmar,horde,0.0,0,,0,1637,47.5,46.7
16353,vendor,Martha Strain,Undercity,horde,0.0,0,,0,1497,85.7,16.1
16353,vendor,Spackle Thornberry,Stormwind City,alliance,0.0,0,,0,1519,39.5,84.5
16354,vendor,Cylina Darkheart,Elwynn Forest,alliance,0.0,0,,0,12,44.4,66.0
16354,vendor,Dannie Fizzwizzle,Dun Morogh,alliance,0.0,0,,0,1,47.3,53.7
16354,vendor,Gina Lang,Tirisfal Glades,horde,0.0,0,,0,85,61.6,52.6
16354,vendor,Greshka,Swamp of Sorrows,horde,0.0,0,,0,8,48.6,55.3
16354,vendor,Jubahl Corpseseeker,Ironforge,alliance,0.0,0,,0,1537,52.7,6.1
16354,vendor,Kitha,Durotar,horde,0.0,0,,0,14,54.7,41.5
16354,vendor,Kurgul,Orgrimmar,horde,0.0,0,,0,1637,47.5,46.7
16354,vendor,Martha Strain,Undercity,horde,0.0,0,,0,1497,85.7,16.1
16354,vendor,Spackle Thornberry,Stormwind City,alliance,0.0,0,,0,1519,39.5,84.5
16355,vendor,Cylina Darkheart,Elwynn Forest,alliance,0.0,0,,0,12,44.4,66.0
16355,vendor,Dannie Fizzwizzle,Dun Morogh,alliance,0.0,0,,0,1,47.3,53.7
16355,vendor,Gina Lang,Tirisfal Glades,horde,0.0,0,,0,85,61.6,52.6
16355,vendor,Greshka,Swamp of Sorrows,horde,0.0,0,,0,8,48.6,55.3
16355,vendor,Jubahl Corpseseeker,Ironforge,alliance,0.0,0,,0,1537,52.7,6.1
16355,vendor,Kitha,Durotar,horde,0.0,0,,0,14,54.7,41.5
16355,vendor,Kurgul,Orgrimmar,horde,0.0,0,,0,1637,47.5,46.7
16355,vendor,Martha Strain,Undercity,horde,0.0,0,,0,1497,85.7,16.1
16355,vendor,Spackle Thornberry,Stormwind City,alliance,0.0,0,,0,1519,39.5,84.5
16356,vendor,Cylina Darkheart,Elwynn Forest,alliance,0.0,0,,0,12,44.4,66.0
16356,vendor,Dannie Fizzwizzle,Dun Morogh,alliance,0.0,0,,0,1,47.3,53.7
16356,vendor,Gina Lang,Tirisfal Glades,horde,0.0,0,,0,85,61.6,52.6
16356,vendor,Greshka,Swamp of Sorrows,horde,0.0,0,,0,8,48.6,55.3
16356,vendor,Jubahl Corpseseeker,Ironforge,alliance,0.0,0,,0,1537,52.7,6.1
16356,vendor,Kitha,Durotar,horde,0.0,0,,0,14,54.7,41.5
16356,vendor,Kurgul,Orgrimmar,horde,0.0,0,,0,1637,47.5,46.7
16356,vendor,Martha Strain,Undercity,horde,0.0,0,,0,1497,85.7,16.1
16356,vendor,Spackle Thornberry,Stormwind City,alliance,0.0,0,,0,1519,39.5,84.5
16357,vendor,Cylina Darkheart,Elwynn Forest,alliance,0.0,0,,0,12,44.4,66.0
16357,vendor,Dannie Fizzwizzle,Dun Morogh,alliance,0.0,0,,0,1,47.3,53.7
16357,vendor,Gina Lang,Tirisfal Glades,horde,0.0,0,,0,85,61.6,52.6
16357,vendor,Greshka,Swamp of Sorrows,horde,0.0,0,,0,8,48.6,55.3
16357,vendor,Jubahl Corpseseeker,Ironforge,alliance,0.0,0,,0,1537,52.7,6.1
16357,vendor,Kitha,Durotar,horde,0.0,0,,0,14,54.7,41.5
16357,vendor,Kurgul,Orgrimmar,horde,0.0,0,,0,1637,47.5,46.7
16357,vendor,Martha Strain,Undercity,horde,0.0,0,,0,1497,85.7,16.1
16357,vendor,Spackle Thornberry,Stormwind City,alliance,0.0,0,,0,1519,39.5,84.5
16358,vendor,Cylina Darkheart,Elwynn Forest,alliance,0.0,0,,0,12,44.4,66.0
16358,vendor,Dannie Fizzwizzle,Dun Morogh,alliance,0.0,0,,0,1,47.3,53.7
16358,vendor,Gina Lang,Tirisfal Glades,horde,0.0,0,,0,85,61.6,52.6
16358,vendor,Greshka,Swamp of Sorrows,horde,0.0,0,,0,8,48.6,55.3
16358,vendor,Jubahl Corpseseeker,Ironforge,alliance,0.0,0,,0,1537,52.7,6.1
16358,vendor,Kitha,Durotar,horde,0.0,0,,0,14,54.7,41.5
16358,vendor,Kurgul,Orgrimmar,horde,0.0,0,,0,1637,47.5,46.7
16358,vendor,Martha Strain,Undercity,horde,0.0,0,,0,1497,85.7,16.1
16358,vendor,Spackle Thornberry,Stormwind City,alliance,0.0,0,,0,1519,39.5,84.5
16359,vendor,Cylina Darkheart,Elwynn Forest,alliance,0.0,0,,0,12,44.4,66.0
16359,vendor,Dannie Fizzwizzle,Dun Morogh,alliance,0.0,0,,0,1,47.3,53.7
16359,vendor,Gina Lang,Tirisfal Glades,horde,0.0,0,,0,85,61.6,52.6
16359,vendor,Greshka,Swamp of Sorrows,horde,0.0,0,,0,8,48.6,55.3
16359,vendor,Jubahl Corpseseeker,Ironforge,alliance,0.0,0,,0,1537,52.7,6.1
16359,vendor,Kitha,Durotar,horde,0.0,0,,0,14,54.7,41.5
16359,vendor,Kurgul,Orgrimmar,horde,0.0,0,,0,1637,47.5,46.7
16359,vendor,Martha Strain,Undercity,horde,0.0,0,,0,1497,85.7,16.1
16359,vendor,Spackle Thornberry,Stormwind City,alliance,0.0,0,,0,1519,39.5,84.5
16360,vendor,Cylina Darkheart,Elwynn Forest,alliance,0.0,0,,0,12,44.4,66.0
16360,vendor,Dannie Fizzwizzle,Dun Morogh,alliance,0.0,0,,0,1,47.3,53.7
16360,vendor,Gina Lang,Tirisfal Glades,horde,0.0,0,,0,85,61.6,52.6
16360,vendor,Greshka,Swamp of Sorrows,horde,0.0,0,,0,8,48.6,55.3
16360,vendor,Jubahl Corpseseeker,Ironforge,alliance,0.0,0,,0,1537,52.7,6.1
16360,vendor,Kitha,Durotar,horde,0.0,0,,0,14,54.7,41.5
16360,vendor,Kurgul,Orgrimmar,horde,0.0,0,,0,1637,47.5,46.7
16360,vendor,Martha Strain,Undercity,horde,0.0,0,,0,1497,85.7,16.1
16360,vendor,Spackle Thornberry,Stormwind City,alliance,0.0,0,,0,1519,39.5,84.5
16361,vendor,Cylina Darkheart,Elwynn Forest,alliance,0.0,0,,0,12,44.4,66.0
16361,vendor,Dannie Fizzwizzle,Dun Morogh,alliance,0.0,0,,0,1,47.3,53.7
16361,vendor,Gina Lang,Tirisfal Glades,horde,0.0,0,,0,85,61.6,52.6
16361,vendor,Greshka,Swamp of Sorrows,horde,0.0,0,,0,8,48.6,55.3
16361,vendor,Jubahl Corpseseeker,Ironforge,alliance,0.0,0,,0,1537,52.7,6.1
16361,vendor,Kitha,Durotar,horde,0.0,0,,0,14,54.7,41.5
16361,vendor,Kurgul,Orgrimmar,horde,0.0,0,,0,1637,47.5,46.7
16361,vendor,Martha Strain,Undercity,horde,0.0,0,,0,1497,85.7,16.1
16361,vendor,Spackle Thornberry,Stormwind City,alliance,0.0,0,,0,1519,39.5,84.5
16362,vendor,Cylina Darkheart,Elwynn Forest,alliance,0.0,0,,0,12,44.4,66.0
16362,vendor,Dannie Fizzwizzle,Dun Morogh,alliance,0.0,0,,0,1,47.3,53.7
16362,vendor,Gina Lang,Tirisfal Glades,horde,0.0,0,,0,85,61.6,52.6
16362,vendor,Greshka,Swamp of Sorrows,horde,0.0,0,,0,8,48.6,55.3
16362,vendor,Jubahl Corpseseeker,Ironforge,alliance,0.0,0,,0,1537,52.7,6.1
16362,vendor,Kitha,Durotar,horde,0.0,0,,0,14,54.7,41.5
16362,vendor,Kurgul,Orgrimmar,horde,0.0,0,,0,1637,47.5,46.7
16362,vendor,Martha Strain,Undercity,horde,0.0,0,,0,1497,85.7,16.1
16362,vendor,Spackle Thornberry,Stormwind City,alliance,0.0,0,,0,1519,39.5,84.5
16363,vendor,Cylina Darkheart,Elwynn Forest,alliance,0.0,0,,0,12,44.4,66.0
16363,vendor,Dannie Fizzwizzle,Dun Morogh,alliance,0.0,0,,0,1,47.3,53.7
16363,vendor,Gina Lang,Tirisfal Glades,horde,0.0,0,,0,85,61.6,52.6
16363,vendor,Greshka,Swamp of Sorrows,horde,0.0,0,,0,8,48.6,55.3
16363,vendor,Jubahl Corpseseeker,Ironforge,alliance,0.0,0,,0,1537,52.7,6.1
16363,vendor,Kitha,Durotar,horde,0.0,0,,0,14,54.7,41.5
16363,vendor,Kurgul,Orgrimmar,horde,0.0,0,,0,1637,47.5,46.7
16363,vendor,Martha Strain,Undercity,horde,0.0,0,,0,1497,85.7,16.1
16363,vendor,Spackle Thornberry,Stormwind City,alliance,0.0,0,,0,1519,39.5,84.5
16364,vendor,Cylina Darkheart,Elwynn Forest,alliance,0.0,0,,0,12,44.4,66.0
16364,vendor,Dannie Fizzwizzle,Dun Morogh,alliance,0.0,0,,0,1,47.3,53.7
16364,vendor,Gina Lang,Tirisfal Glades,horde,0.0,0,,0,85,61.6,52.6
16364,vendor,Greshka,Swamp of Sorrows,horde,0.0,0,,0,8,48.6,55.3
16364,vendor,Jubahl Corpseseeker,Ironforge,alliance,0.0,0,,0,1537,52.7,6.1
16364,vendor,Kitha,Durotar,horde,0.0,0,,0,14,54.7,41.5
16364,vendor,Kurgul,Orgrimmar,horde,0.0,0,,0,1637,47.5,46.7
16364,vendor,Martha Strain,Undercity,horde,0.0,0,,0,1497,85.7,16.1
16364,vendor,Spackle Thornberry,Stormwind City,alliance,0.0,0,,0,1519,39.5,84.5
16365,vendor,Cylina Darkheart,Elwynn Forest,alliance,0.0,0,,0,12,44.4,66.0
16365,vendor,Dannie Fizzwizzle,Dun Morogh,alliance,0.0,0,,0,1,47.3,53.7
16365,vendor,Gina Lang,Tirisfal Glades,horde,0.0,0,,0,85,61.6,52.6
16365,vendor,Greshka,Swamp of Sorrows,horde,0.0,0,,0,8,48.6,55.3
16365,vendor,Jubahl Corpseseeker,Ironforge,alliance,0.0,0,,0,1537,52.7,6.1
16365,vendor,Kitha,Durotar,horde,0.0,0,,0,14,54.7,41.5
16365,vendor,Kurgul,Orgrimmar,horde,0.0,0,,0,1637,47.5,46.7
16365,vendor,Martha Strain,Undercity,horde,0.0,0,,0,1497,85.7,16.1
16365,vendor,Spackle Thornberry,Stormwind City,alliance,0.0,0,,0,1519,39.5,84.5
16366,vendor,Cylina Darkheart,Elwynn Forest,alliance,0.0,0,,0,12,44.4,66.0
16366,vendor,Dannie Fizzwizzle,Dun Morogh,alliance,0.0,0,,0,1,47.3,53.7
16366,vendor,Gina Lang,Tirisfal Glades,horde,0.0,0,,0,85,61.6,52.6
16366,vendor,Greshka,Swamp of Sorrows,horde,0.0,0,,0,8,48.6,55.3
16366,vendor,Jubahl Corpseseeker,Ironforge,alliance,0.0,0,,0,1537,52.7,6.1
16366,vendor,Kitha,Durotar,horde,0.0,0,,0,14,54.7,41.5
16366,vendor,Kurgul,Orgrimmar,horde,0.0,0,,0,1637,47.5,46.7
16366,vendor,Martha Strain,Undercity,horde,0.0,0,,0,1497,85.7,16.1
16366,vendor,Spackle Thornberry,Stormwind City,alliance,0.0,0,,0,1519,39.5,84.5
16368,vendor,Greshka,Swamp of Sorrows,horde,0.0,0,,0,8,48.6,55.3
16368,vendor,Jubahl Corpseseeker,Ironforge,alliance,0.0,0,,0,1537,52.7,6.1
16368,vendor,Kurgul,Orgrimmar,horde,0.0,0,,0,1637,47.5,46.7
16368,vendor,Martha Strain,Undercity,horde,0.0,0,,0,1497,85.7,16.1
16368,vendor,Spackle Thornberry,Stormwind City,alliance,0.0,0,,0,1519,39.5,84.5
16371,vendor,Greshka,Swamp of Sorrows,horde,0.0,0,,0,8,48.6,55.3
16371,vendor,Jubahl Corpseseeker,Ironforge,alliance,0.0,0,,0,1537,52.7,6.1
16371,vendor,Kurgul,Orgrimmar,horde,0.0,0,,0,1637,47.5,46.7
16371,vendor,Martha Strain,Undercity,horde,0.0,0,,0,1497,85.7,16.1
16371,vendor,Spackle Thornberry,Stormwind City,alliance,0.0,0,,0,1519,39.5,84.5
16372,vendor,Greshka,Swamp of Sorrows,horde,0.0,0,,0,8,48.6,55.3
16372,vendor,Jubahl Corpseseeker,Ironforge,alliance,0.0,0,,0,1537,52.7,6.1
16372,vendor,Kurgul,Orgrimmar,horde,0.0,0,,0,1637,47.5,46.7
16372,vendor,Martha Strain,Undercity,horde,0.0,0,,0,1497,85.7,16.1
16372,vendor,Spackle Thornberry,Stormwind City,alliance,0.0,0,,0,1519,39.5,84.5
16373,vendor,Greshka,Swamp of Sorrows,horde,0.0,0,,0,8,48.6,55.3
16373,vendor,Jubahl Corpseseeker,Ironforge,alliance,0.0,0,,0,1537,52.7,6.1
16373,vendor,Kurgul,Orgrimmar,horde,0.0,0,,0,1637,47.5,46.7
16373,vendor,Martha Strain,Undercity,horde,0.0,0,,0,1497,85.7,16.1
16373,vendor,Spackle Thornberry,Stormwind City,alliance,0.0,0,,0,1519,39.5,84.5
16374,vendor,Greshka,Swamp of Sorrows,horde,0.0,0,,0,8,48.6,55.3
16374,vendor,Jubahl Corpseseeker,Ironforge,alliance,0.0,0,,0,1537,52.7,6.1
16374,vendor,Kurgul,Orgrimmar,horde,0.0,0,,0,1637,47.5,46.7
16374,vendor,Martha Strain,Undercity,horde,0.0,0,,0,1497,85.7,16.1
16374,vendor,Spackle Thornberry,Stormwind City,alliance,0.0,0,,0,1519,39.5,84.5
16375,vendor,Greshka,Swamp of Sorrows,horde,0.0,0,,0,8,48.6,55.3
16375,vendor,Jubahl Corpseseeker,Ironforge,alliance,0.0,0,,0,1537,52.7,6.1
16375,vendor,Kurgul,Orgrimmar,horde,0.0,0,,0,1637,47.5,46.7
16375,vendor,Martha Strain,Undercity,horde,0.0,0,,0,1497,85.7,16.1
16375,vendor,Spackle Thornberry,Stormwind City,alliance,0.0,0,,0,1519,39.5,84.5
16376,vendor,Greshka,Swamp of Sorrows,horde,0.0,0,,0,8,48.6,55.3
16376,vendor,Jubahl Corpseseeker,Ironforge,alliance,0.0,0,,0,1537,52.7,6.1
16376,vendor,Kurgul,Orgrimmar,horde,0.0,0,,0,1637,47.5,46.7
16376,vendor,Martha Strain,Undercity,horde,0.0,0,,0,1497,85.7,16.1
16376,vendor,Spackle Thornberry,Stormwind City,alliance,0.0,0,,0,1519,39.5,84.5
16377,vendor,Greshka,Swamp of Sorrows,horde,0.0,0,,0,8,48.6,55.3
16377,vendor,Jubahl Corpseseeker,Ironforge,alliance,0.0,0,,0,1537,52.7,6.1
16377,vendor,Kurgul,Orgrimmar,horde,0.0,0,,0,1637,47.5,46.7
16377,vendor,Martha Strain,Undercity,horde,0.0,0,,0,1497,85.7,16.1
16377,vendor,Spackle Thornberry,Stormwind City,alliance,0.0,0,,0,1519,39.5,84.5
16378,vendor,Greshka,Swamp of Sorrows,horde,0.0,0,,0,8,48.6,55.3
16378,vendor,Jubahl Corpseseeker,Ironforge,alliance,0.0,0,,0,1537,52.7,6.1
16378,vendor,Kurgul,Orgrimmar,horde,0.0,0,,0,1637,47.5,46.7
16378,vendor,Martha Strain,Undercity,horde,0.0,0,,0,1497,85.7,16.1
16378,vendor,Spackle Thornberry,Stormwind City,alliance,0.0,0,,0,1519,39.5,84.5
16379,vendor,Greshka,Swamp of Sorrows,horde,0.0,0,,0,8,48.6,55.3
16379,vendor,Jubahl Corpseseeker,Ironforge,alliance,0.0,0,,0,1537,52.7,6.1
16379,vendor,Kurgul,Orgrimmar,horde,0.0,0,,0,1637,47.5,46.7
16379,vendor,Martha Strain,Undercity,horde,0.0,0,,0,1497,85.7,16.1
16379,vendor,Spackle Thornberry,Stormwind City,alliance,0.0,0,,0,1519,39.5,84.5
16380,vendor,Greshka,Swamp of Sorrows,horde,0.0,0,,0,8,48.6,55.3
16380,vendor,Jubahl Corpseseeker,Ironforge,alliance,0.0,0,,0,1537,52.7,6.1
16380,vendor,Kurgul,Orgrimmar,horde,0.0,0,,0,1637,47.5,46.7
16380,vendor,Martha Strain,Undercity,horde,0.0,0,,0,1497,85.7,16.1
16380,vendor,Spackle Thornberry,Stormwind City,alliance,0.0,0,,0,1519,39.5,84.5
16381,vendor,Greshka,Swamp of Sorrows,horde,0.0,0,,0,8,48.6,55.3
16381,vendor,Jubahl Corpseseeker,Ironforge,alliance,0.0,0,,0,1537,52.7,6.1
16381,vendor,Kurgul,Orgrimmar,horde,0.0,0,,0,1637,47.5,46.7
16381,vendor,Martha Strain,Undercity,horde,0.0,0,,0,1497,85.7,16.1
16381,vendor,Spackle Thornberry,Stormwind City,alliance,0.0,0,,0,1519,39.5,84.5
16382,vendor,Greshka,Swamp of Sorrows,horde,0.0,0,,0,8,48.6,55.3
16382,vendor,Jubahl Corpseseeker,Ironforge,alliance,0.0,0,,0,1537,52.7,6.1
16382,vendor,Kurgul,Orgrimmar,horde,0.0,0,,0,1637,47.5,46.7
16382,vendor,Martha Strain,Undercity,horde,0.0,0,,0,1497,85.7,16.1
16382,vendor,Spackle Thornberry,Stormwind City,alliance,0.0,0,,0,1519,39.5,84.5
16383,vendor,Greshka,Swamp of Sorrows,horde,0.0,0,,0,8,48.6,55.3
16383,vendor,Jubahl Corpseseeker,Ironforge,alliance,0.0,0,,0,1537,52.7,6.1
16383,vendor,Kurgul,Orgrimmar,horde,0.0,0,,0,1637,47.5,46.7
16383,vendor,Martha Strain,Undercity,horde,0.0,0,,0,1497,85.7,16.1
16383,vendor,Spackle Thornberry,Stormwind City,alliance,0.0,0,,0,1519,39.5,84.5
16384,vendor,Greshka,Swamp of Sorrows,horde,0.0,0,,0,8,48.6,55.3
16384,vendor,Jubahl Corpseseeker,Ironforge,alliance,0.0,0,,0,1537,52.7,6.1
16384,vendor,Kurgul,Orgrimmar,horde,0.0,0,,0,1637,47.5,46.7
16384,vendor,Martha Strain,Undercity,horde,0.0,0,,0,1497,85.7,16.1
16384,vendor,Spackle Thornberry,Stormwind City,alliance,0.0,0,,0,1519,39.5,84.5
16385,vendor,Greshka,Swamp of Sorrows,horde,0.0,0,,0,8,48.6,55.3
16385,vendor,Jubahl Corpseseeker,Ironforge,alliance,0.0,0,,0,1537,52.7,6.1
16385,vendor,Kurgul,Orgrimmar,horde,0.0,0,,0,1637,47.5,46.7
16385,vendor,Martha Strain,Undercity,horde,0.0,0,,0,1497,85.7,16.1
16385,vendor,Spackle Thornberry,Stormwind City,alliance,0.0,0,,0,1519,39.5,84.5
16386,vendor,Greshka,Swamp of Sorrows,horde,0.0,0,,0,8,48.6,55.3
16386,vendor,Jubahl Corpseseeker,Ironforge,alliance,0.0,0,,0,1537,52.7,6.1
16386,vendor,Kurgul,Orgrimmar,horde,0.0,0,,0,1637,47.5,46.7
16386,vendor,Martha Strain,Undercity,horde,0.0,0,,0,1497,85.7,16.1
16386,vendor,Spackle Thornberry,Stormwind City,alliance,0.0,0,,0,1519,39.5,84.5
16387,vendor,Greshka,Swamp of Sorrows,horde,0.0,0,,0,8,48.6,55.3
16387,vendor,Jubahl Corpseseeker,Ironforge,alliance,0.0,0,,0,1537,52.7,6.1
16387,vendor,Kurgul,Orgrimmar,horde,0.0,0,,0,1637,47.5,46.7
16387,vendor,Martha Strain,Undercity,horde,0.0,0,,0,1497,85.7,16.1
16387,vendor,Spackle Thornberry,Stormwind City,alliance,0.0,0,,0,1519,39.5,84.5
16388,vendor,Greshka,Swamp of Sorrows,horde,0.0,0,,0,8,48.6,55.3
16388,vendor,Jubahl Corpseseeker,Ironforge,alliance,0.0,0,,0,1537,52.7,6.1
16388,vendor,Kurgul,Orgrimmar,horde,0.0,0,,0,1637,47.5,46.7
16388,vendor,Martha Strain,Undercity,horde,0.0,0,,0,1497,85.7,16.1
16388,vendor,Spackle Thornberry,Stormwind City,alliance,0.0,0,,0,1519,39.5,84.5
16389,vendor,Greshka,Swamp of Sorrows,horde,0.0,0,,0,8,48.6,55.3
16389,vendor,Jubahl Corpseseeker,Ironforge,alliance,0.0,0,,0,1537,52.7,6.1
16389,vendor,Kurgul,Orgrimmar,horde,0.0,0,,0,1637,47.5,46.7
16389,vendor,Martha Strain,Undercity,horde,0.0,0,,0,1497,85.7,16.1
16389,vendor,Spackle Thornberry,Stormwind City,alliance,0.0,0,,0,1519,39.5,84.5
16390,vendor,Greshka,Swamp of Sorrows,horde,0.0,0,,0,8,48.6,55.3
16390,vendor,Jubahl Corpseseeker,Ironforge,alliance,0.0,0,,0,1537,52.7,6.1
16390,vendor,Kurgul,Orgrimmar,horde,0.0,0,,0,1637,47.5,46.7
16390,vendor,Martha Strain,Undercity,horde,0.0,0,,0,1497,85.7,16.1
16390,vendor,Spackle Thornberry,Stormwind City,alliance,0.0,0,,0,1519,39.5,84.5
16665,drop,Lucifron,Molten Core,,100.0,0,,0,0,0.0,0.0
16767,vendor,Jabbey,Tanaris,,0.0,0,,1,440,67.0,22.0
17062,vendor,Heldan Galesong,Darkshore,alliance,0.0,0,,0,148,37.0,56.4
17062,vendor,Kelsey Yance,Stranglethorn Vale,,0.0,0,,0,33,28.2,74.3
17062,vendor,Lindea Rabonne,Hillsbrad Foothills,alliance,0.0,0,,0,267,50.6,60.9
17062,vendor,Lizbeth Cromwell,Undercity,horde,0.0,0,,0,1497,81.0,30.8
17062,vendor,Shankys,Orgrimmar,horde,0.0,0,,0,1637,70.0,29.8
17062,vendor,Stuart Fleming,Wetlands,alliance,0.0,0,,0,11,8.0,58.3
17062,vendor,Tansy Puddlefizz,Ironforge,alliance,0.0,0,,0,1537,48.2,6.5
17062,vendor,Wik'Tar,Ashenvale,horde,0.0,0,,0,331,11.7,34.1
17062,vendor,Wulan,Desolace,horde,0.0,0,,0,405,26.2,69.6
17200,vendor,Khole Jinglepocket,Stormwind City,,0.0,0,,0,1519,62.2,70.1
17200,vendor,Nardstrum Copperpinch,Undercity,,0.0,0,,0,1497,68.2,38.9
17200,vendor,Penney Copperpinch,Orgrimmar,,0.0,0,,0,1637,53.2,65.9
17200,vendor,Seersa Copperpinch,Thunder Bluff,,0.0,0,,0,1638,43.7,59.2
17200,vendor,Wulmort Jinglepocket,Ironforge,,0.0,0,,0,1537,33.7,67.2
17201,vendor,Khole Jinglepocket,Stormwind City,,0.0,0,,0,1519,62.2,70.1
17201,vendor,Nardstrum Copperpinch,Undercity,,0.0,0,,0,1497,68.2,38.9
17201,vendor,Penney Copperpinch,Orgrimmar,,0.0,0,,0,1637,53.2,65.9
17201,vendor,Seersa Copperpinch,Thunder Bluff,,0.0,0,,0,1638,43.7,59.2
17201,vendor,Wulmort Jinglepocket,Ironforge,,0.0,0,,0,1537,33.7,67.2
17413,world_drop,,,,0.0,75,46-63,0,0,0.0,0.0
17414,world_drop,,,,0.0,181,52-63,0,0,0.0,0.0
17682,world_drop,,,,0.0,75,46-63,0,0,0.0,0.0
17683,world_drop,,,,0.0,183,52-63,0,0,0.0,0.0
17706,container,Smokywood Pastures Special Gift,,,16.0,0,,0,0,0.0,0.0
17706,drop,Redridge Alpha,Redridge Mountains,,0.02,0,,0,0,0.0,0.0
17709,container,Smokywood Pastures Special Gift,,,16.0,0,,0,0,0.0,0.0
17720,container,Smokywood Pastures Special Gift,,,17.0,0,,0,0,0.0,0.0
17722,container,Smokywood Pastures Special Gift,,,17.0,0,,0,0,0.0,0.0
17722,drop,Southsea Freebooter,Tanaris,,0.02,0,,0,0,0.0,0.0
17724,container,Smokywood Pastures Special Gift,,,17.0,0,,0,0,0.0,0.0
17725,container,Smokywood Pastures Special Gift,,,17.0,0,,0,0,0.0,0.0
18046,vendor,Dirge Quikcleave,Tanaris,,0.0,0,,0,440,52.6,28.1
18046,vendor,Innkeeper Fizzgrimble,Tanaris,,0.0,0,,0,440,52.5,27.9
18046,vendor,Truk Wildbeard,The Hinterlands,alliance,0.0,0,,0,47,14.4,42.3
18160,quest,Klaven's Tower,Westfall,alliance,0.0,0,24,0,0,0.0,0.0
18160,quest,Mission: Possible But Not Probable,The Barrens,,0.0,0,24,0,0,0.0,0.0
18239,vendor,Rikqiz,Stranglethorn Vale,,0.0,0,,1,33,28.5,76.0
18252,drop,Baron Geddon,Molten Core,,1.0,0,,0,0,0.0,0.0
18252,drop,Garr,Molten Core,,1.0,0,,0,0,0.0,0.0
18252,drop,Gehennas,Molten Core,,1.0,0,,0,0,0.0,0.0
18252,more,,,,0.0,4,,0,0,0.0,0.0
18257,drop,Baron Geddon,Molten Core,,1.0,0,,0,0,0.0,0.0
18257,drop,Garr,Molten Core,,1.0,0,,0,0,0.0,0.0
18257,drop,Gehennas,Molten Core,,1.0,0,,0,0,0.0,0.0
18257,more,,,,0.0,4,,0,0,0.0,0.0
18259,drop,Baron Geddon,Molten Core,,1.0,0,,0,0,0.0,0.0
18259,drop,Garr,Molten Core,,1.0,0,,0,0,0.0,0.0
18259,drop,Gehennas,Molten Core,,1.0,0,,0,0,0.0,0.0
18259,more,,,,0.0,4,,0,0,0.0,0.0
18260,drop,Baron Geddon,Molten Core,,1.0,0,,0,0,0.0,0.0
18260,drop,Garr,Molten Core,,1.0,0,,0,0,0.0,0.0
18260,drop,Gehennas,Molten Core,,1.0,0,,0,0,0.0,0.0
18260,more,,,,0.0,4,,0,0,0.0,0.0
18264,drop,Baron Geddon,Molten Core,,1.0,0,,0,0,0.0,0.0
18264,drop,Garr,Molten Core,,1.0,0,,0,0,0.0,0.0
18264,drop,Gehennas,Molten Core,,1.0,0,,0,0,0.0,0.0
18264,more,,,,0.0,4,,0,0,0.0,0.0
18265,drop,Baron Geddon,Molten Core,,1.0,0,,0,0,0.0,0.0
18265,drop,Garr,Molten Core,,1.0,0,,0,0,0.0,0.0
18265,drop,Gehennas,Molten Core,,1.0,0,,0,0,0.0,0.0
18265,more,,,,0.0,4,,0,0,0.0,0.0
18267,drop,Pusillin,Dire Maul,,100.0,0,,0,0,0.0,0.0
18290,drop,Baron Geddon,Molten Core,,1.0,0,,0,0,0.0,0.0
18290,drop,Garr,Molten Core,,1.0,0,,0,0,0.0,0.0
18290,drop,Gehennas,Molten Core,,1.0,0,,0,0,0.0,0.0
18290,more,,,,0.0,4,,0,0,0.0,0.0
18291,drop,Baron Geddon,Molten Core,,1.0,0,,0,0,0.0,0.0
18291,drop,Garr,Molten Core,,1.0,0,,0,0,0.0,0.0
18291,drop,Gehennas,Molten Core,,1.0,0,,0,0,0.0,0.0
18291,more,,,,0.0,4,,0,0,0.0,0.0
18292,drop,Baron Geddon,Molten Core,,1.0,0,,0,0,0.0,0.0
18292,drop,Garr,Molten Core,,1.0,0,,0,0,0.0,0.0
18292,drop,Gehennas,Molten Core,,1.0,0,,0,0,0.0,0.0
18292,more,,,,0.0,4,,0,0,0.0,0.0
18332,world_drop,,,,0.0,50,54-62,0,0,0.0,0.0
18333,world_drop,,,,0.0,51,54-62,0,0,0.0,0.0
18334,world_drop,,,,0.0,30,57-62,0,0,0.0,0.0
18414,object,Knot Thimblejack's Cache,Dire Maul,,2.0,0,,0,0,0.0,0.0
18414,drop,Gordok Reaver,Dire Maul,,0.02,0,,0,0,0.0,0.0
18414,drop,Gordok Warlock,Dire Maul,,0.02,0,,0,0,0.0,0.0
18415,drop,Gordok Reaver,Dire Maul,,0.02,0,,0,0,0.0,0.0
18416,drop,Gordok Reaver,Dire Maul,,0.02,0,,0,0,0.0,0.0
18416,drop,Gordok Warlock,Dire Maul,,0.02,0,,0,0,0.0,0.0
18418,drop,Gordok Reaver,Dire Maul,,0.02,0,,0,0,0.0,0.0
18418,drop,Gordok Warlock,Dire Maul,,0.02,0,,0,0,0.0,0.0
18487,vendor,Shen'dralar Provisioner,Dire Maul,,0.0,0,,1,0,0.0,0.0
18514,drop,Gordok Warlock,Dire Maul,,0.02,0,,0,0,0.0,0.0
18516,drop,Gordok Reaver,Dire Maul,,0.02,0,,0,0,0.0,0.0
18516,drop,Gordok Warlock,Dire Maul,,0.02,0,,0,0,0.0,0.0
18517,object,Knot Thimblejack's Cache,Dire Maul,,2.0,0,,0,0,0.0,0.0
18518,object,Knot Thimblejack's Cache,Dire Maul,,2.0,0,,0,0,0.0,0.0
18518,drop,Gordok Warlock,Dire Maul,,0.02,0,,0,0,0.0,0.0
18519,object,Knot Thimblejack's Cache,Dire Maul,,2.0,0,,0,0,0.0,0.0
18592,quest,A Binding Contract,Blackrock Depths,,0.0,0,60,0,0,0.0,0.0
18600,world_drop,,,,0.0,179,52-63,0,0,0.0,0.0
18647,vendor,Sovik,Orgrimmar,horde,0.0,0,,1,1637,75.5,25.4
18648,vendor,Crazk Sparks,Stranglethorn Vale,,0.0,0,,1,33,28.4,76.7
18648,vendor,Gagsprocket,The Barrens,,0.0,0,,1,17,62.6,36.3
18649,vendor,Darian Singh,Stormwind City,alliance,0.0,0,,1,1519,42.4,76.9
18649,vendor,Gearcutter Cogspinner,Ironforge,alliance,0.0,0,,1,1537,67.8,42.5
18650,vendor,Blizrik Buckshot,Tanaris,,0.0,0,,1,440,50.7,27.5
18651,vendor,Mazk Snipeshot,Stranglethorn Vale,,0.0,0,,1,33,28.5,75.1
18652,vendor,Xizzer Fizzbolt,Winterspring,,0.0,0,,1,618,60.8,38.6
18653,drop,Plugger Spazzring,Blackrock Depths,,18.0,0,,0,0,0.0,0.0
18654,drop,Weapon Technician,Blackrock Depths,,1.89,0,,0,0,0.0,0.0
18655,object,Gordok Tribute,Dire Maul,,29.22,0,,0,0,0.0,0.0
18656,vendor,Xizzer Fizzbolt,Winterspring,,0.0,0,,1,618,60.8,38.6
18658,drop,Crimson Inquisitor,Stratholme,,3.8,0,,0,0,0.0,0.0
18661,drop,Weapon Technician,Blackrock Depths,,1.99,0,,0,0,0.0,0.0
18731,vendor,Bombus Finespindle,Ironforge,alliance,0.0,0,,1,1537,39.6,34.5
18731,vendor,Tamar,Orgrimmar,horde,0.0,0,,1,1637,63.0,45.5
18949,vendor,Joseph Moore,Undercity,horde,0.0,0,,1,1497,70.1,58.4
18949,vendor,Saenorion,Darnassus,alliance,0.0,0,,1,1657,63.7,22.3
19027,vendor,Zorbin Fandazzle,Feralas,,0.0,0,,0,357,44.8,43.4
19202,vendor,Meilosh,Winterspring,,0.0,0,,0,618,25.6,31.9
19202,vendor,Meilosh,Winterspring,,0.0,0,,1,618,25.6,31.9
19203,vendor,Argent Quartermaster Hasana,Western Plaguelands,,0.0,0,,0,28,26.6,55.2
19203,vendor,Argent Quartermaster Lightspark,Western Plaguelands,,0.0,0,,0,28,42.8,83.7
19203,vendor,Quartermaster Miranda Breechlock,Eastern Plaguelands,,0.0,0,,0,139,71.8,50.2
19204,vendor,Meilosh,Winterspring,,0.0,0,,0,618,25.6,31.9
19204,vendor,Meilosh,Winterspring,,0.0,0,,1,618,25.6,31.9
19205,vendor,Argent Quartermaster Hasana,Western Plaguelands,,0.0,0,,0,28,26.6,55.2
19205,vendor,Argent Quartermaster Lightspark,Western Plaguelands,,0.0,0,,0,28,42.8,83.7
19205,vendor,Quartermaster Miranda Breechlock,Eastern Plaguelands,,0.0,0,,0,139,71.8,50.2
19215,vendor,Meilosh,Winterspring,,0.0,0,,0,618,25.6,31.9
19215,vendor,Meilosh,Winterspring,,0.0,0,,1,618,25.6,31.9
19216,vendor,Argent Quartermaster Hasana,Western Plaguelands,,0.0,0,,0,28,26.6,55.2
19216,vendor,Argent Quartermaster Lightspark,Western Plaguelands,,0.0,0,,0,28,42.8,83.7
19216,vendor,Quartermaster Miranda Breechlock,Eastern Plaguelands,,0.0,0,,0,139,71.8,50.2
19217,vendor,Argent Quartermaster Hasana,Western Plaguelands,,0.0,0,,0,28,26.6,55.2
19217,vendor,Argent Quartermaster Lightspark,Western Plaguelands,,0.0,0,,0,28,42.8,83.7
19217,vendor,Quartermaster Miranda Breechlock,Eastern Plaguelands,,0.0,0,,0,139,71.8,50.2
19218,vendor,Meilosh,Winterspring,,0.0,0,,0,618,25.6,31.9
19218,vendor,Meilosh,Winterspring,,0.0,0,,1,618,25.6,31.9
19326,vendor,Meilosh,Winterspring,,0.0,0,,0,618,25.6,31.9
19326,vendor,Meilosh,Winterspring,,0.0,0,,1,618,25.6,31.9
19327,vendor,Meilosh,Winterspring,,0.0,0,,0,618,25.6,31.9
19327,vendor,Meilosh,Winterspring,,0.0,0,,1,618,25.6,31.9
19328,vendor,Argent Quartermaster Hasana,Western Plaguelands,,0.0,0,,0,28,26.6,55.2
19328,vendor,Argent Quartermaster Lightspark,Western Plaguelands,,0.0,0,,0,28,42.8,83.7
19328,vendor,Quartermaster Miranda Breechlock,Eastern Plaguelands,,0.0,0,,0,139,71.8,50.2
19329,vendor,Argent Quartermaster Hasana,Western Plaguelands,,0.0,0,,0,28,26.6,55.2
19329,vendor,Argent Quartermaster Lightspark,Western Plaguelands,,0.0,0,,0,28,42.8,83.7
19329,vendor,Quartermaster Miranda Breechlock,Eastern Plaguelands,,0.0,0,,0,139,71.8,50.2
19442,vendor,Argent Quartermaster Hasana,Western Plaguelands,,0.0,0,,0,28,26.6,55.2
19442,vendor,Argent Quartermaster Lightspark,Western Plaguelands,,0.0,0,,0,28,42.8,83.7
19442,vendor,Quartermaster Miranda Breechlock,Eastern Plaguelands,,0.0,0,,0,139,71.8,50.2
19445,vendor,Meilosh,Winterspring,,0.0,0,,0,618,25.6,31.9
19445,vendor,Meilosh,Winterspring,,0.0,0,,1,618,25.6,31.9
19446,vendor,Argent Quartermaster Hasana,Western Plaguelands,,0.0,0,,0,28,26.6,55.2
19446,vendor,Argent Quartermaster Lightspark,Western Plaguelands,,0.0,0,,0,28,42.8,83.7
19446,vendor,Quartermaster Miranda Breechlock,Eastern Plaguelands,,0.0,0,,0,139,71.8,50.2
19447,vendor,Argent Quartermaster Hasana,Western Plaguelands,,0.0,0,,0,28,26.6,55.2
19447,vendor,Argent Quartermaster Lightspark,Western Plaguelands,,0.0,0,,0,28,42.8,83.7
19447,vendor,Quartermaster Miranda Breechlock,Eastern Plaguelands,,0.0,0,,0,139,71.8,50.2
19764,vendor,Rin'wosho the Trader,Stranglethorn Vale,,0.0,0,,0,33,15.1,16.0
19765,vendor,Rin'wosho the Trader,Stranglethorn Vale,,0.0,0,,0,33,15.1,16.0
19766,vendor,Rin'wosho the Trader,Stranglethorn Vale,,0.0,0,,0,33,15.1,16.0
19769,vendor,Rin'wosho the Trader,Stranglethorn Vale,,0.0,0,,0,33,15.1,16.0
19770,vendor,Rin'wosho the Trader,Stranglethorn Vale,,0.0,0,,0,33,15.1,16.0
19771,vendor,Rin'wosho the Trader,Stranglethorn Vale,,0.0,0,,0,33,15.1,16.0
19772,vendor,Rin'wosho the Trader,Stranglethorn Vale,,0.0,0,,0,33,15.1,16.0
19773,vendor,Rin'wosho the Trader,Stranglethorn Vale,,0.0,0,,0,33,15.1,16.0
19776,vendor,Rin'wosho the Trader,Stranglethorn Vale,,0.0,0,,0,33,15.1,16.0
19777,vendor,Rin'wosho the Trader,Stranglethorn Vale,,0.0,0,,0,33,15.1,16.0
19778,vendor,Rin'wosho the Trader,Stranglethorn Vale,,0.0,0,,0,33,15.1,16.0
19779,vendor,Rin'wosho the Trader,Stranglethorn Vale,,0.0,0,,0,33,15.1,16.0
19780,vendor,Rin'wosho the Trader,Stranglethorn Vale,,0.0,0,,0,33,15.1,16.0
19781,vendor,Rin'wosho the Trader,Stranglethorn Vale,,0.0,0,,0,33,15.1,16.0
20000,vendor,Rin'wosho the Trader,Stranglethorn Vale,,0.0,0,,0,33,15.1,16.0
20001,vendor,Rin'wosho the Trader,Stranglethorn Vale,,0.0,0,,0,33,15.1,16.0
20011,vendor,Rin'wosho the Trader,Stranglethorn Vale,,0.0,0,,0,33,15.1,16.0
20012,vendor,Rin'wosho the Trader,Stranglethorn Vale,,0.0,0,,0,33,15.1,16.0
20013,vendor,Rin'wosho the Trader,Stranglethorn Vale,,0.0,0,,0,33,15.1,16.0
20014,vendor,Rin'wosho the Trader,Stranglethorn Vale,,0.0,0,,0,33,15.1,16.0
20075,vendor,Ogg'marr,Dustwallow Marsh,horde,0.0,0,,0,15,36.7,31.0
20253,vendor,Meilosh,Winterspring,,0.0,0,,0,618,25.6,31.9
20254,vendor,Meilosh,Winterspring,,0.0,0,,0,618,25.6,31.9
20382,vendor,Aendel Windspear,Silithus,,0.0,0,,0,1377,62.6,49.8
20506,vendor,Aendel Windspear,Silithus,,0.0,0,,0,1377,62.6,49.8
20507,vendor,Aendel Windspear,Silithus,,0.0,0,,0,1377,62.6,49.8
20508,vendor,Aendel Windspear,Silithus,,0.0,0,,0,1377,62.6,49.8
20509,vendor,Aendel Windspear,Silithus,,0.0,0,,0,1377,62.6,49.8
20510,vendor,Aendel Windspear,Silithus,,0.0,0,,0,1377,62.6,49.8
20511,vendor,Aendel Windspear,Silithus,,0.0,0,,0,1377,62.6,49.8
20546,container,Decoded True Believer Clippings,,,5.0,0,,0,0,0.0,0.0
20546,drop,Twilight Geolord,Silithus,,0.02,0,,0,0,0.0,0.0
20547,container,Decoded True Believer Clippings,,,5.0,0,,0,0,0.0,0.0
20548,container,Decoded True Believer Clippings,,,5.0,0,,0,0,0.0,0.0
20553,container,Decoded True Believer Clippings,,,5.0,0,,0,0,0.0,0.0
20554,container,Decoded True Believer Clippings,,,5.0,0,,0,0,0.0,0.0
20555,container,Decoded True Believer Clippings,,,5.0,0,,0,0,0.0,0.0
20576,vendor,Amy Davenport,Redridge Mountains,alliance,0.0,0,,1,44,24.0,47.3
20726,drop,Emperor Vek'nilash,Ahn'Qiraj Temple,,6.5,0,,0,0,0.0,0.0
20727,drop,Ayamiss the Hunter,Ruins of Ahn'Qiraj,,1.0,0,,0,0,0.0,0.0
20727,drop,Battleguard Sartura,Ahn'Qiraj Temple,,1.0,0,,0,0,0.0,0.0
20727,drop,Buru the Gorger,Ruins of Ahn'Qiraj,,1.0,0,,0,0,0.0,0.0
20727,more,,,,0.0,11,,0,0,0.0,0.0
20728,drop,Ayamiss the Hunter,Ruins of Ahn'Qiraj,,1.0,0,,0,0,0.0,0.0
20728,drop,Battleguard Sartura,Ahn'Qiraj Temple,,1.0,0,,0,0,0.0,0.0
20728,drop,Buru the Gorger,Ruins of Ahn'Qiraj,,1.0,0,,0,0,0.0,0.0
20728,more,,,,0.0,11,,0,0,0.0,0.0
20729,drop,Ayamiss the Hunter,Ruins of Ahn'Qiraj,,1.0,0,,0,0,0.0,0.0
20729,drop,Battleguard Sartura,Ahn'Qiraj Temple,,1.0,0,,0,0,0.0,0.0
20729,drop,Buru the Gorger,Ruins of Ahn'Qiraj,,1.0,0,,0,0,0.0,0.0
20729,more,,,,0.0,11,,0,0,0.0,0.0
20730,drop,Ayamiss the Hunter,Ruins of Ahn'Qiraj,,1.0,0,,0,0,0.0,0.0
20730,drop,Battleguard Sartura,Ahn'Qiraj Temple,,1.0,0,,0,0,0.0,0.0
20730,drop,Buru the Gorger,Ruins of Ahn'Qiraj,,1.0,0,,0,0,0.0,0.0
20730,more,,,,0.0,11,,0,0,0.0,0.0
20731,drop,Ayamiss the Hunter,Ruins of Ahn'Qiraj,,1.0,0,,0,0,0.0,0.0
20731,drop,Battleguard Sartura,Ahn'Qiraj Temple,,1.0,0,,0,0,0.0,0.0
20731,drop,Buru the Gorger,Ruins of Ahn'Qiraj,,1.0,0,,0,0,0.0,0.0
20731,more,,,,0.0,11,,0,0,0.0,0.0
20732,vendor,Kania,Silithus,,0.0,0,,0,1377,52.0,39.7
20733,vendor,Kania,Silithus,,0.0,0,,0,1377,52.0,39.7
20734,drop,Ayamiss the Hunter,Ruins of Ahn'Qiraj,,1.0,0,,0,0,0.0,0.0
20734,drop,Battleguard Sartura,Ahn'Qiraj Temple,,1.0,0,,0,0,0.0,0.0
20734,drop,Buru the Gorger,Ruins of Ahn'Qiraj,,1.0,0,,0,0,0.0,0.0
20734,more,,,,0.0,11,,0,0,0.0,0.0
20735,drop,Emperor Vek'lor,Ahn'Qiraj Temple,,6.5,0,,0,0,0.0,0.0
20736,drop,Ayamiss the Hunter,Ruins of Ahn'Qiraj,,1.0,0,,0,0,0.0,0.0
20736,drop,Battleguard Sartura,Ahn'Qiraj Temple,,1.0,0,,0,0,0.0,0.0
20736,drop,Buru the Gorger,Ruins of Ahn'Qiraj,,1.0,0,,0,0,0.0,0.0
20736,more,,,,0.0,11,,0,0,0.0,0.0
20752,vendor,Jessara Cordell,Stormwind City,alliance,0.0,0,,0,1519,52.8,74.3
20752,vendor,Kania,Silithus,,0.0,0,,0,1377,52.0,39.7
20752,vendor,Kithas,Orgrimmar,horde,0.0,0,,0,1637,53.9,38.0
20752,vendor,Leo Sarn,Silverpine Forest,horde,0.0,0,,0,130,53.9,82.2
20752,vendor,Lilly,Silverpine Forest,horde,0.0,0,,0,130,43.0,50.8
20752,vendor,Nata Dawnstrider,Thunder Bluff,horde,0.0,0,,0,1638,45.0,38.8
20752,vendor,Thaddeus Webb,Undercity,horde,0.0,0,,0,1497,62.4,61.0
20752,vendor,Tilli Thistlefuzz,Ironforge,alliance,0.0,0,,0,1537,61.0,44.0
20752,vendor,Vaean,Darnassus,alliance,0.0,0,,0,1657,58.6,14.7
20753,vendor,Jessara Cordell,Stormwind City,alliance,0.0,0,,0,1519,52.8,74.3
20753,vendor,Kania,Silithus,,0.0,0,,0,1377,52.0,39.7
20753,vendor,Kithas,Orgrimmar,horde,0.0,0,,0,1637,53.9,38.0
20753,vendor,Leo Sarn,Silverpine Forest,horde,0.0,0,,0,130,53.9,82.2
20753,vendor,Lilly,Silverpine Forest,horde,0.0,0,,0,130,43.0,50.8
20753,vendor,Nata Dawnstrider,Thunder Bluff,horde,0.0,0,,0,1638,45.0,38.8
20753,vendor,Thaddeus Webb,Undercity,horde,0.0,0,,0,1497,62.4,61.0
20753,vendor,Tilli Thistlefuzz,Ironforge,alliance,0.0,0,,0,1537,61.0,44.0
20753,vendor,Vaean,Darnassus,alliance,0.0,0,,0,1657,58.6,14.7
20754,vendor,Kania,Silithus,,0.0,0,,0,1377,52.0,39.7
20755,vendor,Kania,Silithus,,0.0,0,,0,1377,52.0,39.7
20756,vendor,Rin'wosho the Trader,Stranglethorn Vale,,0.0,0,,0,33,15.1,16.0
20757,vendor,Rin'wosho the Trader,Stranglethorn Vale,,0.0,0,,0,33,15.1,16.0
20758,vendor,Jessara Cordell,Stormwind City,alliance,0.0,0,,0,1519,52.8,74.3
20758,vendor,Kania,Silithus,,0.0,0,,0,1377,52.0,39.7
20758,vendor,Kithas,Orgrimmar,horde,0.0,0,,0,1637,53.9,38.0
20758,vendor,Leo Sarn,Silverpine Forest,horde,0.0,0,,0,130,53.9,82.2
20758,vendor,Lilly,Silverpine Forest,horde,0.0,0,,0,130,43.0,50.8
20758,vendor,Nata Dawnstrider,Thunder Bluff,horde,0.0,0,,0,1638,45.0,38.8
20758,vendor,Thaddeus Webb,Undercity,horde,0.0,0,,0,1497,62.4,61.0
20758,vendor,Tilli Thistlefuzz,Ironforge,alliance,0.0,0,,0,1537,61.0,44.0
20758,vendor,Vaean,Darnassus,alliance,0.0,0,,0,1657,58.6,14.7
20761,vendor,Lokhtos Darkbargainer,Blackrock Depths,,0.0,0,,1,0,0.0,0.0
21025,quest,Dirge's Kickin' Chimaerok Chops,Tanaris,,0.0,0,60,0,0,0.0,0.0
21099,vendor,Derak Nightfall,Hillsbrad Foothills,horde,0.0,0,,0,267,63.1,19.4
21099,vendor,Emrul Riknussun,Ironforge,alliance,0.0,0,,0,1537,59.9,37.4
21099,vendor,Erika Tate,Stormwind City,alliance,0.0,0,,0,1519,78.5,52.9
21099,vendor,Fyldan,Darnassus,alliance,0.0,0,,0,1657,48.5,21.6
21099,vendor,Gloria Femmel,Redridge Mountains,alliance,0.0,0,,0,44,21.6,43.5
21099,vendor,Kelsey Yance,Stranglethorn Vale,,0.0,0,,0,33,28.2,74.3
21099,vendor,Micha Yance,Hillsbrad Foothills,alliance,0.0,0,,0,267,48.9,55.0
21099,vendor,Naal Mistrunner,Thunder Bluff,horde,0.0,0,,0,1638,51.0,52.5
21099,vendor,Nyoma,Teldrassil,alliance,0.0,0,,0,141,57.2,61.3
21099,vendor,Otho Moji'ko,The Hinterlands,horde,0.0,0,,0,47,79.4,79.1
21099,vendor,Ronald Burch,Undercity,horde,0.0,0,,0,1497,62.3,43.1
21099,vendor,Tarban Hearthgrain,The Barrens,horde,0.0,0,,0,17,55.2,32.1
21099,vendor,Wulan,Desolace,horde,0.0,0,,0,405,26.2,69.6
21099,vendor,Xen'to,Orgrimmar,horde,0.0,0,,0,1637,57.6,52.9
21214,drop,Ossirian the Unscarred,Ruins of Ahn'Qiraj,,11.11,0,,0,0,0.0,0.0
21214,drop,Ayamiss the Hunter,Ruins of Ahn'Qiraj,,7.41,0,,0,0,0.0,0.0
21214,drop,Buru the Gorger,Ruins of Ahn'Qiraj,,7.41,0,,0,0,0.0,0.0
21214,more,,,,0.0,3,,0,0,0.0,0.0
21219,vendor,Derak Nightfall,Hillsbrad Foothills,horde,0.0,0,,0,267,63.1,19.4
21219,vendor,Emrul Riknussun,Ironforge,alliance,0.0,0,,0,1537,59.9,37.4
21219,vendor,Erika Tate,Stormwind City,alliance,0.0,0,,0,1519,78.5,52.9
21219,vendor,Fyldan,Darnassus,alliance,0.0,0,,0,1657,48.5,21.6
21219,vendor,Gloria Femmel,Redridge Mountains,alliance,0.0,0,,0,44,21.6,43.5
21219,vendor,Kelsey Yance,Stranglethorn Vale,,0.0,0,,0,33,28.2,74.3
21219,vendor,Micha Yance,Hillsbrad Foothills,alliance,0.0,0,,0,267,48.9,55.0
21219,vendor,Naal Mistrunner,Thunder Bluff,horde,0.0,0,,0,1638,51.0,52.5
21219,vendor,Nyoma,Teldrassil,alliance,0.0,0,,0,141,57.2,61.3
21219,vendor,Otho Moji'ko,The Hinterlands,horde,0.0,0,,0,47,79.4,79.1
21219,vendor,Ronald Burch,Undercity,horde,0.0,0,,0,1497,62.3,43.1
21219,vendor,Tarban Hearthgrain,The Barrens,horde,0.0,0,,0,17,55.2,32.1
21219,vendor,Wulan,Desolace,horde,0.0,0,,0,405,26.2,69.6
21219,vendor,Xen'to,Orgrimmar,horde,0.0,0,,0,1637,57.6,52.9
21279,drop,Ossirian the Unscarred,Ruins of Ahn'Qiraj,,11.11,0,,0,0,0.0,0.0
21279,drop,Ayamiss the Hunter,Ruins of Ahn'Qiraj,,7.41,0,,0,0,0.0,0.0
21279,drop,Buru the Gorger,Ruins of Ahn'Qiraj,,7.41,0,,0,0,0.0,0.0
21279,more,,,,0.0,3,,0,0,0.0,0.0
21280,drop,Ossirian the Unscarred,Ruins of Ahn'Qiraj,,11.11,0,,0,0,0.0,0.0
21280,drop,Ayamiss the Hunter,Ruins of Ahn'Qiraj,,7.41,0,,0,0,0.0,0.0
21280,drop,Buru the Gorger,Ruins of Ahn'Qiraj,,7.41,0,,0,0,0.0,0.0
21280,more,,,,0.0,3,,0,0,0.0,0.0
21281,drop,Ossirian the Unscarred,Ruins of Ahn'Qiraj,,11.11,0,,0,0,0.0,0.0
21281,drop,Ayamiss the Hunter,Ruins of Ahn'Qiraj,,7.41,0,,0,0,0.0,0.0
21281,drop,Buru the Gorger,Ruins of Ahn'Qiraj,,7.41,0,,0,0,0.0,0.0
21281,more,,,,0.0,3,,0,0,0.0,0.0
21282,drop,Ossirian the Unscarred,Ruins of Ahn'Qiraj,,11.11,0,,0,0,0.0,0.0
21282,drop,Ayamiss the Hunter,Ruins of Ahn'Qiraj,,7.41,0,,0,0,0.0,0.0
21282,drop,Buru the Gorger,Ruins of Ahn'Qiraj,,7.41,0,,0,0,0.0,0.0
21282,more,,,,0.0,3,,0,0,0.0,0.0
21283,drop,Ossirian the Unscarred,Ruins of Ahn'Qiraj,,11.11,0,,0,0,0.0,0.0
21283,drop,Ayamiss the Hunter,Ruins of Ahn'Qiraj,,7.41,0,,0,0,0.0,0.0
21283,drop,Buru the Gorger,Ruins of Ahn'Qiraj,,7.41,0,,0,0,0.0,0.0
21283,more,,,,0.0,3,,0,0,0.0,0.0
21284,drop,Ossirian the Unscarred,Ruins of Ahn'Qiraj,,11.11,0,,0,0,0.0,0.0
21284,drop,Ayamiss the Hunter,Ruins of Ahn'Qiraj,,7.41,0,,0,0,0.0,0.0
21284,drop,Buru the Gorger,Ruins of Ahn'Qiraj,,7.41,0,,0,0,0.0,0.0
21284,more,,,,0.0,3,,0,0,0.0,0.0
21285,drop,Ossirian the Unscarred,Ruins of Ahn'Qiraj,,11.11,0,,0,0,0.0,0.0
21285,drop,Ayamiss the Hunter,Ruins of Ahn'Qiraj,,7.41,0,,0,0,0.0,0.0
21285,drop,Buru the Gorger,Ruins of Ahn'Qiraj,,7.41,0,,0,0,0.0,0.0
21285,more,,,,0.0,3,,0,0,0.0,0.0
21287,drop,Ossirian the Unscarred,Ruins of Ahn'Qiraj,,11.11,0,,0,0,0.0,0.0
21287,drop,Ayamiss the Hunter,Ruins of Ahn'Qiraj,,7.41,0,,0,0,0.0,0.0
21287,drop,Buru the Gorger,Ruins of Ahn'Qiraj,,7.41,0,,0,0,0.0,0.0
21287,more,,,,0.0,3,,0,0,0.0,0.0
21288,drop,Ossirian the Unscarred,Ruins of Ahn'Qiraj,,11.11,0,,0,0,0.0,0.0
21288,drop,Ayamiss the Hunter,Ruins of Ahn'Qiraj,,7.41,0,,0,0,0.0,0.0
21288,drop,Buru the Gorger,Ruins of Ahn'Qiraj,,7.41,0,,0,0,0.0,0.0
21288,more,,,,0.0,3,,0,0,0.0,0.0
21289,drop,Ossirian the Unscarred,Ruins of Ahn'Qiraj,,11.11,0,,0,0,0.0,0.0
21289,drop,Ayamiss the Hunter,Ruins of Ahn'Qiraj,,7.41,0,,0,0,0.0,0.0
21289,drop,Buru the Gorger,Ruins of Ahn'Qiraj,,7.41,0,,0,0,0.0,0.0
21289,more,,,,0.0,3,,0,0,0.0,0.0
21290,drop,Ossirian the Unscarred,Ruins of Ahn'Qiraj,,11.11,0,,0,0,0.0,0.0
21290,drop,Ayamiss the Hunter,Ruins of Ahn'Qiraj,,7.41,0,,0,0,0.0,0.0
21290,drop,Buru the Gorger,Ruins of Ahn'Qiraj,,7.41,0,,0,0,0.0,0.0
21290,more,,,,0.0,3,,0,0,0.0,0.0
21291,drop,Ossirian the Unscarred,Ruins of Ahn'Qiraj,,11.11,0,,0,0,0.0,0.0
21291,drop,Ayamiss the Hunter,Ruins of Ahn'Qiraj,,7.41,0,,0,0,0.0,0.0
21291,drop,Buru the Gorger,Ruins of Ahn'Qiraj,,7.41,0,,0,0,0.0,0.0
21291,more,,,,0.0,3,,0,0,0.0,0.0
21292,drop,Ossirian the Unscarred,Ruins of Ahn'Qiraj,,11.11,0,,0,0,0.0,0.0
21292,drop,Ayamiss the Hunter,Ruins of Ahn'Qiraj,,7.41,0,,0,0,0.0,0.0
21292,drop,Buru the Gorger,Ruins of Ahn'Qiraj,,7.41,0,,0,0,0.0,0.0
21292,more,,,,0.0,3,,0,0,0.0,0.0
21293,drop,Ossirian the Unscarred,Ruins of Ahn'Qiraj,,11.11,0,,0,0,0.0,0.0
21293,drop,Ayamiss the Hunter,Ruins of Ahn'Qiraj,,7.41,0,,0,0,0.0,0.0
21293,drop,Buru the Gorger,Ruins of Ahn'Qiraj,,7.41,0,,0,0,0.0,0.0
21293,more,,,,0.0,3,,0,0,0.0,0.0
21294,drop,Ossirian the Unscarred,Ruins of Ahn'Qiraj,,11.11,0,,0,0,0.0,0.0
21294,drop,Ayamiss the Hunter,Ruins of Ahn'Qiraj,,7.41,0,,0,0,0.0,0.0
21294,drop,Buru the Gorger,Ruins of Ahn'Qiraj,,7.41,0,,0,0,0.0,0.0
21294,more,,,,0.0,3,,0,0,0.0,0.0
21295,drop,Ossirian the Unscarred,Ruins of Ahn'Qiraj,,11.11,0,,0,0,0.0,0.0
21295,drop,Ayamiss the Hunter,Ruins of Ahn'Qiraj,,7.41,0,,0,0,0.0,0.0
21295,drop,Buru the Gorger,Ruins of Ahn'Qiraj,,7.41,0,,0,0,0.0,0.0
21295,more,,,,0.0,3,,0,0,0.0,0.0
21296,drop,Ossirian the Unscarred,Ruins of Ahn'Qiraj,,11.11,0,,0,0,0.0,0.0
21296,drop,Ayamiss the Hunter,Ruins of Ahn'Qiraj,,7.41,0,,0,0,0.0,0.0
21296,drop,Buru the Gorger,Ruins of Ahn'Qiraj,,7.41,0,,0,0,0.0,0.0
21296,more,,,,0.0,3,,0,0,0.0,0.0
21297,drop,Ossirian the Unscarred,Ruins of Ahn'Qiraj,,11.11,0,,0,0,0.0,0.0
21297,drop,Ayamiss the Hunter,Ruins of Ahn'Qiraj,,7.41,0,,0,0,0.0,0.0
21297,drop,Buru the Gorger,Ruins of Ahn'Qiraj,,7.41,0,,0,0,0.0,0.0
21297,more,,,,0.0,3,,0,0,0.0,0.0
21298,drop,Ossirian the Unscarred,Ruins of Ahn'Qiraj,,11.11,0,,0,0,0.0,0.0
21298,drop,Ayamiss the Hunter,Ruins of Ahn'Qiraj,,7.41,0,,0,0,0.0,0.0
21298,drop,Buru the Gorger,Ruins of Ahn'Qiraj,,7.41,0,,0,0,0.0,0.0
21298,more,,,,0.0,3,,0,0,0.0,0.0
21299,drop,Ossirian the Unscarred,Ruins of Ahn'Qiraj,,11.11,0,,0,0,0.0,0.0
21299,drop,Ayamiss the Hunter,Ruins of Ahn'Qiraj,,7.41,0,,0,0,0.0,0.0
21299,drop,Buru the Gorger,Ruins of Ahn'Qiraj,,7.41,0,,0,0,0.0,0.0
21299,more,,,,0.0,3,,0,0,0.0,0.0
21300,drop,Ossirian the Unscarred,Ruins of Ahn'Qiraj,,11.11,0,,0,0,0.0,0.0
21300,drop,Ayamiss the Hunter,Ruins of Ahn'Qiraj,,7.41,0,,0,0,0.0,0.0
21300,drop,Buru the Gorger,Ruins of Ahn'Qiraj,,7.41,0,,0,0,0.0,0.0
21300,more,,,,0.0,3,,0,0,0.0,0.0
21302,drop,Ossirian the Unscarred,Ruins of Ahn'Qiraj,,11.11,0,,0,0,0.0,0.0
21302,drop,Ayamiss the Hunter,Ruins of Ahn'Qiraj,,7.41,0,,0,0,0.0,0.0
21302,drop,Buru the Gorger,Ruins of Ahn'Qiraj,,7.41,0,,0,0,0.0,0.0
21302,more,,,,0.0,3,,0,0,0.0,0.0
21303,drop,Ossirian the Unscarred,Ruins of Ahn'Qiraj,,11.11,0,,0,0,0.0,0.0
21303,drop,Ayamiss the Hunter,Ruins of Ahn'Qiraj,,7.41,0,,0,0,0.0,0.0
21303,drop,Buru the Gorger,Ruins of Ahn'Qiraj,,7.41,0,,0,0,0.0,0.0
21303,more,,,,0.0,3,,0,0,0.0,0.0
21304,drop,Ossirian the Unscarred,Ruins of Ahn'Qiraj,,11.11,0,,0,0,0.0,0.0
21304,drop,Ayamiss the Hunter,Ruins of Ahn'Qiraj,,7.41,0,,0,0,0.0,0.0
21304,drop,Buru the Gorger,Ruins of Ahn'Qiraj,,7.41,0,,0,0,0.0,0.0
21304,more,,,,0.0,3,,0,0,0.0,0.0
21306,drop,Ossirian the Unscarred,Ruins of Ahn'Qiraj,,11.11,0,,0,0,0.0,0.0
21306,drop,Ayamiss the Hunter,Ruins of Ahn'Qiraj,,7.41,0,,0,0,0.0,0.0
21306,drop,Buru the Gorger,Ruins of Ahn'Qiraj,,7.41,0,,0,0,0.0,0.0
21306,more,,,,0.0,3,,0,0,0.0,0.0
21307,drop,Ossirian the Unscarred,Ruins of Ahn'Qiraj,,11.11,0,,0,0,0.0,0.0
21307,drop,Ayamiss the Hunter,Ruins of Ahn'Qiraj,,7.41,0,,0,0,0.0,0.0
21307,drop,Buru the Gorger,Ruins of Ahn'Qiraj,,7.41,0,,0,0,0.0,0.0
21307,more,,,,0.0,3,,0,0,0.0,0.0
21358,vendor,Vizzklick,Tanaris,,0.0,0,,0,440,51.0,27.4
21371,drop,Baron Geddon,Molten Core,,1.0,0,,0,0,0.0,0.0
21371,drop,Garr,Molten Core,,1.0,0,,0,0,0.0,0.0
21371,drop,Gehennas,Molten Core,,1.0,0,,0,0,0.0,0.0
21371,more,,,,0.0,4,,0,0,0.0,0.0
21547,drop,Dark Iron Watchman,Searing Gorge,,1.2,0,,0,0,0.0,0.0
21547,drop,Dark Iron Slaver,Searing Gorge,,1.1,0,,0,0,0.0,0.0
21547,drop,Dark Iron Taskmaster,Searing Gorge,,1.0,0,,0,0,0.0,0.0
21548,drop,The Windreaver,Silithus,,30.56,0,,0,0,0.0,0.0
21548,drop,Princess Tempestria,Winterspring,,20.0,0,,0,0,0.0,0.0
21722,quest,Festive Recipes,Moonglade,,0.0,0,60,0,0,0.0,0.0
21723,quest,Festive Recipes,Moonglade,,0.0,0,60,0,0,0.0,0.0
21724,container,Small Rocket Recipes,,,100.0,0,,0,0,0.0,0.0
21725,container,Small Rocket Recipes,,,100.0,0,,0,0,0.0,0.0
21726,container,Small Rocket Recipes,,,100.0,0,,0,0,0.0,0.0
21727,container,Large Rocket Recipes,,,100.0,0,,0,0,0.0,0.0
21728,container,Large Rocket Recipes,,,100.0,0,,0,0,0.0,0.0
21729,container,Large Rocket Recipes,,,100.0,0,,0,0,0.0,0.0
21730,container,Cluster Rocket Recipes,,,100.0,0,,0,0,0.0,0.0
21731,container,Cluster Rocket Recipes,,,100.0,0,,0,0,0.0,0.0
21732,container,Cluster Rocket Recipes,,,100.0,0,,0,0,0.0,0.0
21733,container,Large Cluster Rocket Recipes,,,100.0,0,,0,0,0.0,0.0
21734,container,Large Cluster Rocket Recipes,,,100.0,0,,0,0,0.0,0.0
21735,container,Large Cluster Rocket Recipes,,,100.0,0,,0,0,0.0,0.0
21737,quest,Cluster Launcher,Moonglade,,0.0,0,60,0,0,0.0,0.0
21738,quest,Firework Launcher,Moonglade,,0.0,0,60,0,0,0.0,0.0
22209,vendor,Vargus,Silithus,,0.0,0,,0,1377,51.2,38.9
22214,vendor,Vargus,Silithus,,0.0,0,,0,1377,51.2,38.9
22219,vendor,Lieutenant General Andorov,Ruins of Ahn'Qiraj,,0.0,0,,1,0,0.0,0.0
22220,drop,Moam,Ruins of Ahn'Qiraj,,15.0,0,,0,0,0.0,0.0
22221,vendor,Lieutenant General Andorov,Ruins of Ahn'Qiraj,,0.0,0,,1,0,0.0,0.0
22222,drop,The Prophet Skeram,Ahn'Qiraj Temple,,15.0,0,,0,0,0.0,0.0
22307,vendor,Jessara Cordell,Stormwind City,alliance,0.0,0,,0,1519,52.8,74.3
22307,vendor,Kania,Silithus,,0.0,0,,0,1377,52.0,39.7
22307,vendor,Kithas,Orgrimmar,horde,0.0,0,,0,1637,53.9,38.0
22307,vendor,Leo Sarn,Silverpine Forest,horde,0.0,0,,0,130,53.9,82.2
22307,vendor,Lilly,Silverpine Forest,horde,0.0,0,,0,130,43.0,50.8
22307,vendor,Nata Dawnstrider,Thunder Bluff,horde,0.0,0,,0,1638,45.0,38.8
22307,vendor,Thaddeus Webb,Undercity,horde,0.0,0,,0,1497,62.4,61.0
22307,vendor,Tilli Thistlefuzz,Ironforge,alliance,0.0,0,,0,1537,61.0,44.0
22307,vendor,Vaean,Darnassus,alliance,0.0,0,,0,1657,58.6,14.7
22308,vendor,Kania,Silithus,,0.0,0,,0,1377,52.0,39.7
22309,drop,Magister Kalendris,Dire Maul,,15.0,0,,0,0,0.0,0.0
22310,vendor,Mishta,Silithus,,0.0,0,,0,1377,49.9,36.3
22312,vendor,Mishta,Silithus,,0.0,0,,0,1377,49.9,36.3
22388,drop,Azuregos,Azshara,,1.32,0,,0,0,0.0,0.0
22388,drop,Onyxia,Onyxia's Lair,,1.32,0,,0,0,0.0,0.0
22388,drop,Emeriss,Duskwood,,0.0,0,,0,0,0.0,0.0
22388,more,,,,0.0,3,,0,0,0.0,0.0
22389,drop,Azuregos,Azshara,,1.32,0,,0,0,0.0,0.0
22389,drop,Onyxia,Onyxia's Lair,,1.32,0,,0,0,0.0,0.0
22389,drop,Emeriss,Duskwood,,0.0,0,,0,0,0.0,0.0
22389,more,,,,0.0,3,,0,0,0.0,0.0
22390,drop,Azuregos,Azshara,,1.32,0,,0,0,0.0,0.0
22390,drop,Onyxia,Onyxia's Lair,,1.32,0,,0,0,0.0,0.0
22390,drop,Emeriss,Duskwood,,0.0,0,,0,0,0.0,0.0
22390,more,,,,0.0,3,,0,0,0.0,0.0
22392,vendor,Meilosh,Winterspring,,0.0,0,,0,618,25.6,31.9
22393,world_drop,,,,0.0,156,52-63,0,0,0.0,0.0
22683,vendor,Mishta,Silithus,,0.0,0,,0,1377,49.9,36.3
22729,quest,40 Tickets - Schematic: Steam Tonk Controller,,,0.0,0,60,0,0,0.0,0.0
22739,drop,Gahz'ranka,Zul'Gurub,,15.0,0,,0,0,0.0,0.0
22766,vendor,Vargus,Silithus,,0.0,0,,0,1377,51.2,38.9
22767,vendor,Vargus,Silithus,,0.0,0,,0,1377,51.2,38.9
22768,vendor,Vargus,Silithus,,0.0,0,,0,1377,51.2,38.9
22769,vendor,Aendel Windspear,Silithus,,0.0,0,,0,1377,62.6,49.8
22770,vendor,Aendel Windspear,Silithus,,0.0,0,,0,1377,62.6,49.8
22771,vendor,Aendel Windspear,Silithus,,0.0,0,,0,1377,62.6,49.8
22772,vendor,Mishta,Silithus,,0.0,0,,0,1377,49.9,36.3
22773,vendor,Mishta,Silithus,,0.0,0,,0,1377,49.9,36.3
22774,vendor,Mishta,Silithus,,0.0,0,,0,1377,49.9,36.3
22890,world_drop,,,,0.0,145,52-63,0,0,0.0,0.0
22891,world_drop,,,,0.0,143,52-63,0,0,0.0,0.0
22897,drop,Archivist Galford,Stratholme,,14.0,0,,0,0,0.0,0.0
23320,drop,Pyroguard Emberseer,Blackrock Spire,,8.0,0,,0,0,0.0,0.0
24101,drop,The Beast,Blackrock Spire,,13.0,0,,0,0,0.0,0.0
24102,drop,Blackhand Assassin,Blackrock Spire,,10.0,0,,0,0,0.0,0.0
